wav,text,speaker,phonemes
wavs/000000.wav,मैं पिछले पिछला सप्ताह के अपने बिजली बिल भुगतान इतिहास पर पश्चिम बंगाल राज्य विद्युत वितरण कंपनी लिमिटेड से एक रिपोर्ट का अनुरोध करना चाहता हूँ,S4258203800376610,mɛ̃ pˈɪcʰlˌeː pˈɪcʰlˌaː səptˈaːh keː ˈʌpnˌeː bˈɪɟlˌi bˈɪl bʰˌʊɡtˈaːn ˌɪtɪhˈaːs pˈʌɾ pˈʌʃcɪm bəŋɡˈaːl ɾˈaːɟjə ʋˈɪdjʊt ʋˈɪtəɾˌəɳ kˈʌmpənˌi lˌɪmɪʈˈeːɖ seː ˈeːk ɾɪpˈoːɾʈ kaː ˌʌnʊɾˈoːdʰ kˈʌɾnˌaː cˈaːhətˌaː hũ
wavs/000001.wav,हाँ जी नमस्ते बताएँ,S4258203800376610,hˈã ɟˈi nəmˈʌsteː bətˈaːj
wavs/000002.wav,बताएँ,S4258203800376610,bətˈaːj
wavs/000003.wav,ह्म्म,S4258203800376610,hmmˈə
wavs/000004.wav,ये ये बस जो है हमारी ये बस कोई छोटी मोटी टैक्सी तो है नहीं आप समझिए कि छोटी मोटी टैक्सी होती है तो उसको कहीं भी रोक दो आँए ये छोटी मोटी बस नहीं ये तो मतलब आपकी हमारी बस है ये तो बस तो एक निर्धारित समय से चलती है और इसका निर्धारित एक ढाबा होता है उस ढाबे पे ही रुकती है और,S4258203800376610,jeː jeː bˈʌs ɟˈoː hɛː həmˌaːɾi jeː bˈʌs kˈoːi cʰˈoːʈi mˈoːʈi ʈˈɛːksi tˈoː hɛː nˈʌhĩ ˌaːp sˈʌmɟʰˌɪeː kˈɪ cʰˈoːʈi mˈoːʈi ʈˈɛːksi hˈoːti hɛː tˈoː ˈʊskˌoː kˈʌhĩ bʰˈi ɾˈoːk dˈoː ˈaːneː jeː cʰˈoːʈi mˈoːʈi bˈʌs nˈʌhĩ jeː tˈoː mˈʌtəlˌəb ˌaːpkˌi həmˌaːɾi bˈʌs hɛː jeː tˈoː bˈʌs tˈoː ˈeːk nɪɾdʰˈaːɾɪt sˈʌmˌɛj seː cˈʌltˌi hɛː ɔːɾ ˌɪskˌaː nɪɾdʰˈaːɾɪt ˈeːk ɖʰˈaːbaː hˈoːtaː hɛː ˈʊs ɖʰˈaːbeː pˈeː hˈi ɾˈʊktˌi hɛː ɔːɾ
wavs/000005.wav,हाँ ठीक है आप सफ़र में चल रही हैं अगर अपने बच्चे को ले कर चल रही हैं तो छोटे बच्चे को ले कर सफ़र में चला जाता है तो उसके लिए सब व्यवस्था करके रखी जाती है आपके बच्चे हैं तो इसकी व्यवस्था आप करेंगी ना कि हम करेंगे,S4258203800376610,hˈã ʈʰˈiːk hɛː ˌaːp sˈʌfəɾ mẽː cˈʌl ɾˌəhi hɛ̃ ˌʌɡəɾ ˈʌpnˌeː bˈʌcːeː koː lˈeː kˈʌɾ cˈʌl ɾˌəhi hɛ̃ tˈoː cʰˈoːʈeː bˈʌcːeː koː lˈeː kˈʌɾ sˈʌfəɾ mẽː cˈʌlaː ɟˈaːtaː hɛː tˈoː ˌʊskˌeː lˈɪeː sˈʌb ʋjəʋˈʌstʰaː kˈʌɾkˌeː ɾˈʌkʰi ɟˈaːti hɛː ˌaːpkˌeː bˈʌcːeː hɛ̃ tˈoː ˈɪskˌi ʋjəʋˈʌstʰaː ˌaːp kəɾˈẽːɡi nˈaː kˈɪ hˌəm kəɾˈẽːɡeː
wavs/000006.wav,इसकी व्यवस्था तो आपको करनी चाहिए जो आप बच्चे ले के चल रही हैं छोटे बच्चे हैं तो इनके लिए आपको इनके लिए अब नाश्ते कि चीज़ इनके लिए भोजन और इनके लिए पानी वगैरह तो ये सब तो चीज़ तो आपको ले के चलनी चाहिए,S4258203800376610,ˈɪskˌi ʋjəʋˈʌstʰaː tˈoː ˌaːpkˌoː kˈʌɾnˌi cˈaːhɪˌeː ɟˈoː ˌaːp bˈʌcːeː lˈeː keː cˈʌl ɾˌəhi hɛ̃ cʰˈoːʈeː bˈʌcːeː hɛ̃ tˈoː ˈɪnkˌeː lˈɪeː ˌaːpkˌoː ˈɪnkˌeː lˈɪeː ˈʌb nˈaːʃteː kˈɪ cˈiːz ˈɪnkˌeː lˈɪeː bʰˈoːɟən ɔːɾ ˈɪnkˌeː lˈɪeː pˈaːni ʋəɡˈɛːɾəh tˈoː jeː sˈʌb tˈoː cˈiːz tˈoː ˌaːpkˌoː lˈeː keː cˈʌlnˌi cˈaːhɪˌeː
wavs/000007.wav,नहीं तो ऐसा है फिर आप थोड़ा बहुत कंट्रोल कीजिए भी किसी भी तरह से और भाई किसी के पास पानी वानी हो अगर बच्चा आपका ज़्यादा परेशान है तो पैसेन्जर और भी हैं भाई किसी के पास पानी हो तो भाई इनको दे दो,S4258203800376610,nˈʌhĩ tˈoː ˈɛːsaː hɛː pʰˈɪɾ ˌaːp tʰˈoːr.aː bˈʌhʊt kəɳʈɾˈoːl kˈiːɟɪˌeː bʰˈi kˈɪsi bʰˈi tˈʌɾəh seː ɔːɾ bʰˈaːi kˈɪsi keː pˈaːs pˈaːni ʋˈaːni hoː ˌʌɡəɾ bˈʌcːaː ˌaːpkˌaː zjˈaːdaː pˌəɾeːʃˈaːn hɛː tˈoː pɛːsˈeːnɟəɾ ɔːɾ bʰˈi hɛ̃ bʰˈaːi kˈɪsi keː pˈaːs pˈaːni hoː tˈoː bʰˈaːi ˈɪnkˌoː dˈeː dˈoː
wavs/000008.wav,और थोड़ा सा बच्चे को पिला दीजिए और सब्र कीजिए अभी एक डेढ़ घंटा तो आपको बर्दाश्त कर कम से कम डेढ़ घंटा लगेगा,S4258203800376610,ɔːɾ tʰˈoːr.aː sˈaː bˈʌcːeː koː pˈɪlaː dˈiːɟɪˌeː ɔːɾ sˈʌbɾə kˈiːɟɪˌeː ˈʌbʰi ˈeːk ɖˈeːr.h ɡʰˈʌɳʈaː tˈoː ˌaːpkˌoː bəɾdˈaːʃt kˈʌɾ kˈʌm seː kˈʌm ɖˈeːr.h ɡʰˈʌɳʈaː ləɡˈeːɡaː
wavs/000009.wav,इसके बाद में हमारी ढाबे पे बस रुकेगी वहीं पे आप जो चाहे ना अपने बच्चे को खिला देना,S4258203800376610,ˈɪskˌeː bˈaːd mẽː həmˌaːɾi ɖʰˈaːbeː pˈeː bˈʌs ɾʊkˈeːɡi ʋˈʌhĩ pˈeː ˌaːp ɟˈoː cˈaːheː nˈaː ˈʌpnˌeː bˈʌcːeː koː kʰˈɪlaː dˈeːnaː
wavs/000010.wav,और पिला देना क्योंकि अब भाई ये कोई टैक्सी हमारी छोटी है नहीं कि हम कहीं पे भी यों हीं रोक दें हमारा भी <unintelligible> मगर बस रोक दें,S4258203800376610,ɔːɾ pˈɪlaː dˈeːnaː kːjˈõkɪ ˈʌb bʰˈaːi jeː kˈoːi ʈˈɛːksi həmˌaːɾi cʰˈoːʈi hɛː nˈʌhĩ kˈɪ hˌəm kˈʌhĩ pˈeː bʰˈi jˈõ hˈĩ ɾˈoːk dˈẽː həmˌaːɾaː bʰˈi (en)ˌʌnɪntˈɛlɪdʒəbəl(hi) mˈʌɡəɾ bˈʌs ɾˈoːk dˈẽː
wavs/000011.wav,कोई वो आप कोई कह दे कि हम बड़े भूख लगी है अभी कोई कह दें नहीं हम वो जल्दी जल्दी में आ गए बस में बैठ गए और मेरे लैट्रीन लगी हुई है आप बस रोक दीजिए,S4258203800376610,kˈoːi ʋoː ˌaːp kˈoːi kˈʌh dˈeː kˈɪ hˌəm bˈʌr.eː bʰˈuːkʰ lˈʌɡi hɛː ˈʌbʰi kˈoːi kˈʌh dˈẽː nˈʌhĩ hˌəm ʋoː ɟˈʌldi ɟˈʌldi mẽː ˈaː ɡˈʌeː bˈʌs mẽː bˈɛːʈʰ ɡˈʌeː ɔːɾ mˌeːɾeː lˈɛːʈɾin lˈʌɡi hˈʊi hɛː ˌaːp bˈʌs ɾˈoːk dˈiːɟɪˌeː
wavs/000012.wav,आँय इसके बाद में थोड़ा देर उस उसके लिए रोके हम इसके बाद फिर धीरे धीरे बस चली कोई कह रहा है नहीं नहीं रोकिए हमको जो है टोयलेट लगी है बहुत तेज़,S4258203800376610,ˈaːnj ˈɪskˌeː bˈaːd mẽː tʰˈoːr.aː dˈeːɾ ˈʊs ˌʊskˌeː lˈɪeː ɾˈoːkeː hˌəm ˈɪskˌeː bˈaːd pʰˈɪɾ dʰˈiːɾeː dʰˈiːɾeː bˈʌs cˈʌli kˈoːi kˈʌh ɾˌəhaː hɛː nˈʌhĩ nˈʌhĩ ɾˈoːkɪˌeː hˈʌmkˌoː ɟˈoː hɛː ʈˌoːjlˈeːʈ lˈʌɡi hɛː bˈʌhʊt tˈeːz
wavs/000013.wav,तो ये सब भाई ट्रेन एन में सुविधाएँ उपलब्ध होती हैं कि मतलब टोयलेट चला गया या लैट्रीन चला गया अब बस उस में आदमी सफ़र करता है तो थोड़ा सा कंट्रोल कर के चलता है,S4258203800376610,tˈoː jeː sˈʌb bʰˈaːi ʈɾˈeːn ˈeːn mẽː sˌʊʋɪdʰˈaːj ˌʊpəlˈʌbdʰ hˈoːti hɛ̃ kˈɪ mˈʌtəlˌəb ʈˌoːjlˈeːʈ cˈʌlaː ɡˈʌjaː jˈaː lˈɛːʈɾin cˈʌlaː ɡˈʌjaː ˈʌb bˈʌs ˈʊs mẽː ˈaːdmˌi sˈʌfəɾ kˈʌɾtˌaː hɛː tˈoː tʰˈoːr.aː sˈaː kəɳʈɾˈoːl kˈʌɾ keː cˈʌltˌaː hɛː
wavs/000014.wav,और यों कि बस का एक निर्धारित ढाबा हमलोगों का होता है और वहीं पे हम लोग वो करते हैं,S4258203800376610,ɔːɾ jˈõ kˈɪ bˈʌs kaː ˈeːk nɪɾdʰˈaːɾɪt ɖʰˈaːbaː hˌəmlˈoːɡõ kaː hˈoːtaː hɛː ɔːɾ ʋˈʌhĩ pˈeː hˌəm lˈoːɡ ʋoː kˈʌɾtˌeː hɛ̃
wavs/000015.wav,और अगर कहीं लोग भी हैं अगर तो हमारे अधिकारी हैं अगर उन्होंने देख लिया या किसी ने फ़ोटो खींच लिया कुछ कर दिया तो हमारी तो नौकरी चली जाएगी,S4258203800376610,ɔːɾ ˌʌɡəɾ kˈʌhĩ lˈoːɡ bʰˈi hɛ̃ ˌʌɡəɾ tˈoː həmˌaːɾeː ˌʌdʰɪkˈaːɾi hɛ̃ ˌʌɡəɾ ʊnhˈõneː dˈeːkʰ lˈɪjaː jˈaː kˈɪsi nˈeː fˈoːʈoː kʰˈĩc lˈɪjaː kˈʊcʰ kˈʌɾ dˈɪjaː tˈoː həmˌaːɾi tˈoː nˈɔːkɾˌi cˈʌli ɟaːˈeːɡi
wavs/000016.wav,आप लोग की परेशानी को दखते हुए हम मतलब हम अपनी नौकरी को थोड़ी ना हम गँवा देंगे अपनी तो इसलिए,S4258203800376610,ˌaːp lˈoːɡ ki pˌəɾeːʃˈaːni koː dˈʌkʰtˌeː hˈʊeː hˌəm mˈʌtəlˌəb hˌəm ˈʌpnˌi nˈɔːkɾˌi koː tʰˈoːr.i nˈaː hˌəm ɡˈʌnʋaː dˈẽːɡeː ˈʌpnˌi tˈoː ˈɪslˌɪeː
wavs/000017.wav,आह आप किसी भी तरह से बच्चो को चुप कराइए इसको शांत कराइए अगल बगल किसी से भी मांग लीजिए भाई किसी पैसेन्जर के पास कोई अगर पानी हो थोड़ा सा पानी इनको दे दीजिए भाई,S4258203800376610,ˈaːh ˌaːp kˈɪsi bʰˈi tˈʌɾəh seː bˈʌcːoː koː cˈʊp kəɾˈaːɪˌeː ˈɪskˌoː ʃˈãt kəɾˈaːɪˌeː ˈʌɡəl bˈʌɡəl kˈɪsi seː bʰˈi mˈãɡ lˈiːɟɪˌeː bʰˈaːi kˈɪsi pɛːsˈeːnɟəɾ keː pˈaːs kˈoːi ˌʌɡəɾ pˈaːni hoː tʰˈoːr.aː sˈaː pˈaːni ˈɪnkˌoː dˈeː dˈiːɟɪˌeː bʰˈaːi
wavs/000018.wav,इसको थोड़ा सा दे दीजिए कि इनका बच्चा शांत हो जाये क्योंकि बस तो हम रास्ते में रोक नहीं पाएंगे कहीं पे भी कि छोटी मोटी दुकान दिख जाए अपनी छोटा चौराहा दिख जाए तो रोक दे हमारी लाँग रूट की बस है,S4258203800376610,ˈɪskˌoː tʰˈoːr.aː sˈaː dˈeː dˈiːɟɪˌeː kˈɪ ˌɪnkˌaː bˈʌcːaː ʃˈãt hoː ɟˈaːjeː kːjˈõkɪ bˈʌs tˈoː hˌəm ɾˈaːsteː mẽː ɾˈoːk nˈʌhĩ paːˈẽːɡeː kˈʌhĩ pˈeː bʰˈi kˈɪ cʰˈoːʈi mˈoːʈi dʊkˈaːn dˈɪkʰ ɟˈaːeː ˈʌpnˌi cʰˈoːʈaː cɔːɾˈaːhaː dˈɪkʰ ɟˈaːeː tˈoː ɾˈoːk dˈeː həmˌaːɾi lˈãnɡ ɾˈuːʈ ki bˈʌs hɛː
wavs/000019.wav,तो ये एक निर्धारित ढाबा जो हमारा है सिर्फ वहीं रुकेगी इसके पहले नहीं रुकेगी इसके लिए हम माफ़ी चाहते हैं,S4258203800376610,tˈoː jeː ˈeːk nɪɾdʰˈaːɾɪt ɖʰˈaːbaː ɟˈoː həmˌaːɾaː hɛː sˈɪɾpʰ ʋˈʌhĩ ɾʊkˈeːɡi ˈɪskˌeː pˈʌhəlˌeː nˈʌhĩ ɾʊkˈeːɡi ˈɪskˌeː lˈɪeː hˌəm mˈaːfi cˈaːhətˌeː hɛ̃
wavs/000020.wav,हाँ हाँ चलिए ठीक है बच्चे है छोटा बच्चा है तो उसके लिए आपको वो क्या नाम है आप को वो वो जो आता है पहनने के लिए बच्चे के लिए पहना देते हैं उसी में सु सु करना हो जाती है उस तरह का आपको पहना के लेके चलना चाहिए और अगर थोड़ा बड़ा बच्चा है तो उसको आप समझाइए और अगर थो थोड़ा बड़ा बच्चा है तो उसको थोड़ा समझाइए कि भैया थोड़ा सा रोक लीजिए अभी ढाबा आ जाएगा आप टोयलेट कर लीजिएगा और नाश्ता करा दीजिएगा बच्चों का और पानी वानी ले के आप रख लीजिएगा ठीक है,S4258203800376610,hˈã hˈã cˈʌlɪˌeː ʈʰˈiːk hɛː bˈʌcːeː hɛː cʰˈoːʈaː bˈʌcːaː hɛː tˈoː ˌʊskˌeː lˈɪeː ˌaːpkˌoː ʋoː kːjaː nˈaːm hɛː ˌaːp koː ʋoː ʋoː ɟˈoː ˈaːtaː hɛː pˈʌhənneː keː lˈɪeː bˈʌcːeː keː lˈɪeː pˈʌhənˌaː dˈeːteː hɛ̃ ˈʊsi mẽː sˈʊ sˈʊ kˈʌɾnˌaː hoː ɟˈaːti hɛː ˈʊs tˈʌɾəh kaː ˌaːpkˌoː pˈʌhənˌaː keː lˈeːkeː cˈʌlnˌaː cˈaːhɪˌeː ɔːɾ ˌʌɡəɾ tʰˈoːr.aː bˈʌr.aː bˈʌcːaː hɛː tˈoː ˈʊskˌoː ˌaːp sˌəmɟʰˈaːɪˌeː ɔːɾ ˌʌɡəɾ tʰˈoː tʰˈoːr.aː bˈʌr.aː bˈʌcːaː hɛː tˈoː ˈʊskˌoː tʰˈoːr.aː sˌəmɟʰˈaːɪˌeː kˈɪ bʰˈɛːjaː tʰˈoːr.aː sˈaː ɾˈoːk lˈiːɟɪˌeː ˈʌbʰi ɖʰˈaːbaː ˈaː ɟaːˈeːɡaː ˌaːp ʈˌoːjlˈeːʈ kˈʌɾ lˌiːɟɪˈeːɡaː ɔːɾ nˈaːʃtaː kˈʌɾaː dˌiːɟɪˈeːɡaː bˈʌcːõ kaː ɔːɾ pˈaːni ʋˈaːni lˈeː keː ˌaːp ɾˈʌkʰ lˌiːɟɪˈeːɡaː ʈʰˈiːk hɛː
wavs/000021.wav,दैनिक सर्वेक्षण हाल ही में सामने आए सर्वेक्षणों का एक और लोकप्रिय रूप है,S4258203800376610,dˈɛːnɪk sərʋˈeːkʃəɳ hˈaːl hˈi mẽː sˈaːmnˌeː ˈaːeː sərʋˈeːkʃəɳˌõ kaː ˈeːk ɔːɾ loːkˈʌpɾɪj ɾˈuːp hɛː
wavs/000022.wav,क्या आप मेरे उपभोक्ता आई डी जीरो आठ चार एक दो तीन आठ आठ दो सात चार दो एक नौ छः पाँच के तहत की गई गैस सिलेंडर बुकिंग को रद्द करने में मेरी मदद कर सकते हो बुकिंग संदर्भ संख्या आठ तीन छः एक छः सात एक एक जीरो पाँच सात है,S4258203800376610,kːjaː ˌaːp mˌeːɾeː ˌʊpbʰˈoːktaː ˈaːi ɖˈi ɟˈiːɾoː ˈaːʈʰ cˈaːɾ ˈeːk dˈoː tˈiːn ˈaːʈʰ ˈaːʈʰ dˈoː sˈaːt cˈaːɾ dˈoː ˈeːk nˈɔː cʰˈʌh pˈãnc keː tˈʌhət ki ɡˈʌi ɡˈɛːs sɪlˈẽːɖəɾ bʊkˈĩɡ koː ɾˈʌdː kˈʌɾnˌeː mẽː mˌeːɾi mˈʌdəd kˈʌɾ sˈʌktˌeː hoː bʊkˈĩɡ səndˈʌɾbʰ sˈʌŋkʰjaː ˈaːʈʰ tˈiːn cʰˈʌh ˈeːk cʰˈʌh sˈaːt ˈeːk ˈeːk ɟˈiːɾoː pˈãnc sˈaːt hɛː
wavs/000023.wav,नमस्ते,S4258203800376610,nəmˈʌsteː
wavs/000024.wav,अच्छा लखनऊ में कहाँ कहाँ घूमने आपको जाना है,S4258203800376610,ˈʌcʰcʰaː lˈʌkʰnˈəu mẽː kˈʌhã kˈʌhã ɡʰˈuːmnˌeː ˌaːpkˌoː ɟˈaːnaː hɛː
wavs/000025.wav,हाँ हाँ इमामबाड़ा है,S4258203800376610,hˈã hˈã ˌɪmaːmbˈaːr.aː hɛː
wavs/000026.wav,जी तो ठीक है तो <unintelligible> कै कै बजे चलेंगे,S4258203800376610,ɟˈi tˈoː ʈʰˈiːk hɛː tˈoː (en)ˌʌnɪntˈɛlɪdʒəbəl(hi) kˈɛː kˈɛː bˈʌɟeː cəlˈẽːɡeː
wavs/000027.wav,अरे किराया वही सिम्पल रहता है जो ट्रैवल एजेंसीज वाले जो सबका खुला किराया रहता है उसमें कोई कम ज़्यादा नहीं होता किसी का दूरी के हिसाब से पैसा होता है,S4258203800376610,ˈʌɾeː kɪɾˈaːjaː ʋˈʌhi sˈɪmpəl ɾˈʌhətˌaː hɛː ɟˈoː ʈɾˈɛːʋəl ˌeːɟẽːsˈiːɟ ʋˈaːleː ɟˈoː sˈʌbkˌaː kʰˈʊlaː kɪɾˈaːjaː ɾˈʌhətˌaː hɛː ˈʊsmˌẽː kˈoːi kˈʌm zjˈaːdaː nˈʌhĩ hˈoːtaː kˈɪsi kaː dˈuːɾi keː hɪsˈaːb seː pˈɛːsaː hˈoːtaː hɛː
wavs/000028.wav,और जितनी दूरी होगी उसी हिसाब से आपका पैसा होगा जितनी ज़्यादा जगह जाएँगी उतने ज़्यादा पैसे होंगे औ दूरी कम होगी तो कम पैसे होंगे ज़्यादा दूरी होगी ज़्यादा पैसे होंगे वह तो दूरी के हिसाब से है,S4258203800376610,ɔːɾ ɟˈɪtnˌi dˈuːɾi hˈoːɡi ˈʊsi hɪsˈaːb seː ˌaːpkˌaː pˈɛːsaː hˈoːɡaː ɟˈɪtnˌi zjˈaːdaː ɟˈʌɡəh ɟaːˈẽːɡi ˈʊtnˌeː zjˈaːdaː pˈɛːseː hˈõɡeː ˈɔː dˈuːɾi kˈʌm hˈoːɡi tˈoː kˈʌm pˈɛːseː hˈõɡeː zjˈaːdaː dˈuːɾi hˈoːɡi zjˈaːdaː pˈɛːseː hˈõɡeː ʋˌəh tˈoː dˈuːɾi keː hɪsˈaːb seː hɛː
wavs/000029.wav,तो सबसे पहले आप किधर चलेंगे <unintelligible> चन्द्रिका देवी जाएँगे,S4258203800376610,tˈoː sˈʌbsˌeː pˈʌhəlˌeː ˌaːp kˈɪdʰəɾ cəlˈẽːɡeː (en)ˌʌnɪntˈɛlɪdʒəbəl(hi) cˈʌndɾɪkˌaː dˈeːʋi ɟaːˈẽːɡeː
wavs/000030.wav,चलिए ठीक है चन्द्रिका देवी चलते हैं,S4258203800376610,cˈʌlɪˌeː ʈʰˈiːk hɛː cˈʌndɾɪkˌaː dˈeːʋi cˈʌltˌeː hɛ̃
wavs/000031.wav,जी जी जी भीड़ नई होगी ज़्यादा चलिए पहले चन्द्रिका देवी चलते हैं उसके बाद में फिर आपको चन्द्रिका देवी के बाद में फिर कहीं घुमाते हैं आपको,S4258203800376610,ɟˈi ɟˈi ɟˈi bʰˈiːr. nˈʌi hˈoːɡi zjˈaːdaː cˈʌlɪˌeː pˈʌhəlˌeː cˈʌndɾɪkˌaː dˈeːʋi cˈʌltˌeː hɛ̃ ˌʊskˌeː bˈaːd mẽː pʰˈɪɾ ˌaːpkˌoː cˈʌndɾɪkˌaː dˈeːʋi keː bˈaːd mẽː pʰˈɪɾ kˈʌhĩ ɡʰʊmˈaːteː hɛ̃ ˌaːpkˌoː
wavs/000032.wav,हमारा जो है इधर इधर पिकनिक इस्पाट घुमा देते हैं आपको,S4258203800376610,həmˌaːɾaː ɟˈoː hɛː ˈɪdʰəɾ ˈɪdʰəɾ pˈɪknˌɪk ɪspˈaːʈ ɡʰˈʊmaː dˈeːteː hɛ̃ ˌaːpkˌoː
wavs/000033.wav,पिकनिक इस्पाट फ़ैज़ाबाद रोड पर पड़ता है वहाँ पर आपको घुमाते हैं इसके बाद में फिर आपको जो है ले आते हैं इधर,S4258203800376610,pˈɪknˌɪk ɪspˈaːʈ fˌɛːzaːbˈaːd ɾˈoːɖ pˈʌɾ pˈʌr.tˌaː hɛː ʋˈʌhã pˈʌɾ ˌaːpkˌoː ɡʰʊmˈaːteː hɛ̃ ˈɪskˌeː bˈaːd mẽː pʰˈɪɾ ˌaːpkˌoː ɟˈoː hɛː lˈeː ˈaːteː hɛ̃ ˈɪdʰəɾ
wavs/000034.wav,इमामबाड़ा वग़ैरह यह भूल भुलैया वग़ैरह दिखाते हैं आपको ठीक है हाँ तो ठीक तो आप कितने बजे आऍंगे,S4258203800376610,ˌɪmaːmbˈaːr.aː ʋəɣˈɛːɾəh jˌəh bʰˈuːl bʰʊlˈɛːjaː ʋəɣˈɛːɾəh dɪkʰˈaːteː hɛ̃ ˌaːpkˌoː ʈʰˈiːk hɛː hˈã tˈoː ʈʰˈiːk tˈoː ˌaːp kˈɪtnˌeː bˈʌɟeː aːˈɛŋɡeː
wavs/000035.wav,चलेंगे आप अकेले चलेंगी कितने लोग,S4258203800376610,cəlˈẽːɡeː ˌaːp ʌkˈeːleː cəlˈẽːɡi kˈɪtnˌeː lˈoːɡ
wavs/000036.wav,ठीक ठीक ठीक अच्छा फैमिली में कितने लोग हैं आपके कै कै कौन कौन लोग चलेंगे साथ में,S4258203800376610,ʈʰˈiːk ʈʰˈiːk ʈʰˈiːk ˈʌcʰcʰaː pʰˈɛːmɪlˌi mẽː kˈɪtnˌeː lˈoːɡ hɛ̃ ˌaːpkˌeː kˈɛː kˈɛː kˈɔːn kˈɔːn lˈoːɡ cəlˈẽːɡeː sˈaːtʰ mˈẽː
wavs/000037.wav,पाँच लोग हैं चलिए ठीक है,S4258203800376610,pˈãnc lˈoːɡ hɛ̃ cˈʌlɪˌeː ʈʰˈiːk hɛː
wavs/000038.wav,ठीक ठीक है ठीक है ठीक ठीक है पाँच लोग हैं तो पाँचों लोग भी जा जाऍंगे तो <unintelligible> कोई दिक़्क़त नहीं होगी उसमें पाँच लोग की तो कैब होती ही है,S4258203800376610,ʈʰˈiːk ʈʰˈiːk hɛː ʈʰˈiːk hɛː ʈʰˈiːk ʈʰˈiːk hɛː pˈãnc lˈoːɡ hɛ̃ tˈoː pˈãncõ lˈoːɡ bʰˈi ɟˈaː ɟaːˈɛŋɡeː tˈoː (en)ˌʌnɪntˈɛlɪdʒəbəl(hi) kˈoːi dˈɪqqət nˈʌhĩ hˈoːɡi ˈʊsmˌẽː pˈãnc lˈoːɡ ki tˈoː kˈɛːb hˈoːti hˈi hɛː
wavs/000039.wav,और तो ठीक है तो आप लोग समय से आ जाइएगा समय से आ जाइए फिर आपको जो है,S4258203800376610,ɔːɾ tˈoː ʈʰˈiːk hɛː tˈoː ˌaːp lˈoːɡ sˈʌmˌɛj seː ˈaː ɟˌaːɪˈeːɡaː sˈʌmˌɛj seː ˈaː ɟˈaːɪˌeː pʰˈɪɾ ˌaːpkˌoː ɟˈoː hɛː
wavs/000040.wav,नहीं नहीं किराया आपको एक दम उचित रहेगा उसमें कोई कहने की ज़रूरत नहीं है किराया एक दम सही लेंगे क्योंकि आज आप दो दो चार जगह घूमेंगे फिर अगली बार आप जो है तो आप पाँच छः जगह घूमेंगी इसी तरह से जैसे है आप से कोई पूछेगा तो आप बताओगी कि भाई वहाँ गए वहाँ गए,S4258203800376610,nˈʌhĩ nˈʌhĩ kɪɾˈaːjaː ˌaːpkˌoː ˈeːk dˈʌm ˈʊcɪt ɾəhˈeːɡaː ˈʊsmˌẽː kˈoːi kˈʌhənˌeː ki zəɾˈuːɾət nˈʌhĩ hɛː kɪɾˈaːjaː ˈeːk dˈʌm sˈʌhi lˈẽːɡeː kːjˈõkɪ ˈaːɟ ˌaːp dˈoː dˈoː cˈaːɾ ɟˈʌɡəh ɡʰuːmˈẽːɡeː pʰˈɪɾ ˈʌɡlˌi bˈaːɾ ˌaːp ɟˈoː hɛː tˈoː ˌaːp pˈãnc cʰˈʌh ɟˈʌɡəh ɡʰuːmˈẽːɡi ˈɪsi tˈʌɾəh seː ɟˈɛːseː hɛː ˌaːp seː kˈoːi puːcʰˈeːɡaː tˈoː ˌaːp bˌətaːˈoːɡi kˈɪ bʰˈaːi ʋˈʌhã ɡˈʌeː ʋˈʌhã ɡˈʌeː
wavs/000041.wav,अएँ पहले <unintelligible> चन्द्रिका देवी गए इसके बाद में फिर पिकनिक इस्पाट हम गए इसके बाद में फिर हम बड़ा इमामबाड़ा गए इसके बाद भूल भुलैया गए घूमने ऐं यह <unintelligible> इधर जो है बिजली पासी का क़िला वग़ैरह है अम्बेडकर उद्यान है और आपका जनेश्वर पार्क है ये सब लखनऊ में घूमने लायक़ चीज़ें हैं,S4258203800376610,ˈʌẽː pˈʌhəlˌeː (en)ˌʌnɪntˈɛlɪdʒəbəl(hi) cˈʌndɾɪkˌaː dˈeːʋi ɡˈʌeː ˈɪskˌeː bˈaːd mẽː pʰˈɪɾ pˈɪknˌɪk ɪspˈaːʈ hˌəm ɡˈʌeː ˈɪskˌeː bˈaːd mẽː pʰˈɪɾ hˌəm bˈʌr.aː ˌɪmaːmbˈaːr.aː ɡˈʌeː ˈɪskˌeː bˈaːd bʰˈuːl bʰʊlˈɛːjaː ɡˈʌeː ɡʰˈuːmnˌeː ˈɛ̃ jˌəh (en)ˌʌnɪntˈɛlɪdʒəbəl(hi) ˈɪdʰəɾ ɟˈoː hɛː bˈɪɟlˌi pˈaːsi kaː qˈɪlaː ʋəɣˈɛːɾəh hɛː ʌmbˈeːɖəkˌəɾ ʊdjˈaːn hɛː ɔːɾ ˌaːpkˌaː ɟənˈeːʃʋəɾ pˈaːɾk hɛː jeː sˈʌb lˈʌkʰnˈəu mẽː ɡʰˈuːmnˌeː lˈaːjəq cˈiːzẽː hɛ̃
wavs/000042.wav,और सब जगह हम आपको घुमा देंगे और उ किराया उचित अगर सही लेंगे तो आप भी अगली बार जब भी कभी लखनऊ आएँगी तो हमारी ही हमको ही फोन करेंगी हमारी ही गाड़ी से आप चलेंगी,S4258203800376610,ɔːɾ sˈʌb ɟˈʌɡəh hˌəm ˌaːpkˌoː ɡʰˈʊmaː dˈẽːɡeː ɔːɾ ˈʊ kɪɾˈaːjaː ˈʊcɪt ˌʌɡəɾ sˈʌhi lˈẽːɡeː tˈoː ˌaːp bʰˈi ˈʌɡlˌi bˈaːɾ ɟˈʌb bʰˈi kˈʌbʰi lˈʌkʰnˈəu aːˈẽːɡi tˈoː həmˌaːɾi hˈi hˈʌmkˌoː hˈi pʰˈoːn kəɾˈẽːɡi həmˌaːɾi hˈi ɡˈaːr.i seː ˌaːp cəlˈẽːɡi
wavs/000043.wav,और या कोई आपसे पूछेगा अगला कोई टूरिस्टर होगा उससे भी आप बताएँगी फलाँ <unintelligible> चले जाइए बहोत अच्छे भैया हैं और बहुत उचित किराया लेते हैं और ठीक ढंग से हर जगह सब घुमा देते हैं इस तरह से आप जो है ठीक है ठीक है फिर कल दस बजे तक आ जाइएगा नमस्ते,S4258203800376610,ɔːɾ jˈaː kˈoːi ˈaːpsˌeː puːcʰˈeːɡaː ˈʌɡlˌaː kˈoːi ʈuːɾˈɪsʈəɾ hˈoːɡaː ˈʊssˌeː bʰˈi ˌaːp bˌətaːˈẽːɡi pʰˈʌlã (en)ˌʌnɪntˈɛlɪdʒəbəl(hi) cˈʌleː ɟˈaːɪˌeː bəhˈoːt ˈʌcʰcʰeː bʰˈɛːjaː hɛ̃ ɔːɾ bˈʌhʊt ˈʊcɪt kɪɾˈaːjaː lˈeːteː hɛ̃ ɔːɾ ʈʰˈiːk ɖʰˈʌŋɡ seː hˈʌɾ ɟˈʌɡəh sˈʌb ɡʰˈʊmaː dˈeːteː hɛ̃ ˈɪs tˈʌɾəh seː ˌaːp ɟˈoː hɛː ʈʰˈiːk hɛː ʈʰˈiːk hɛː pʰˈɪɾ kˈʌl dˈʌs bˈʌɟeː tˌək ˈaː ɟˌaːɪˈeːɡaː nəmˈʌsteː
wavs/000044.wav,क्या आप कृपया बुकिंग संदर्भ संख्या सात नौ तीन नौ छः आठ तीन आठ आठ एक सात और मेरे आधार कार्ड के अंतिम चार अंकों दो दो आठ चार का उपयोग करके मेरी वाणिज्यिक बुकिंग की स्थिति जांच कर सकते हैं,S4258203800376610,kːjaː ˌaːp kɾˈɪpjˌaː bʊkˈĩɡ səndˈʌɾbʰ sˈʌŋkʰjaː sˈaːt nˈɔː tˈiːn nˈɔː cʰˈʌh ˈaːʈʰ tˈiːn ˈaːʈʰ ˈaːʈʰ ˈeːk sˈaːt ɔːɾ mˌeːɾeː aːdʰˈaːɾ kˈaːɾɖ keː ˈʌntɪm cˈaːɾ ˈʌŋkõ dˈoː dˈoː ˈaːʈʰ cˈaːɾ kaː ˌʊpjˈoːɡ kˈʌɾkˌeː mˌeːɾi ʋaːɳˈɪɟjɪk bʊkˈĩɡ ki stʰˈɪtɪ ɟˈãc kˈʌɾ sˈʌktˌeː hɛ̃
wavs/000045.wav,मुझे जून दो हज़ार चौबीस के अपने बिजली बिल की डुप्लिकेट कांपी की आवश्यकता है क्या आप इसे झारखंड बिजली वितरण निगम लिमिटेड से प्राप्त करने में मेरी सहायता कर सकते हैं,S4258203800376610,mˌʊɟʰeː ɟˈuːn dˈoː həzˈaːɾ cɔːbˈiːs keː ˈʌpnˌeː bˈɪɟlˌi bˈɪl ki ɖˌʊplɪkˈeːʈ kˈãpi ki aːʋˈʌʃjəktaː hɛː kːjaː ˌaːp ˈɪseː ɟʰˌaːɾəkʰˈʌɳɖ bˈɪɟlˌi ʋˈɪtəɾˌəɳ nˈɪɡəm lˌɪmɪʈˈeːɖ seː pɾˈaːpt kˈʌɾnˌeː mẽː mˌeːɾi səhˈaːjtˌaː kˈʌɾ sˈʌktˌeː hɛ̃
wavs/000046.wav,नमस्ते,S4258203800376610,nəmˈʌsteː
wavs/000047.wav,अच्छा तो कार आपको चाहिए तो कार आपको कौन सी कार चाहिए आपको,S4258203800376610,ˈʌcʰcʰaː tˈoː kˈaːɾ ˌaːpkˌoː cˈaːhɪˌeː tˈoː kˈaːɾ ˌaːpkˌoː kˈɔːn sˈi kˈaːɾ cˈaːhɪˌeː ˌaːpkˌoː
wavs/000048.wav,मल्लब आपको कुछ कुछ मारुति चाहिए आपको या वैगनार चाहिए आपको,S4258203800376610,mˈʌlləb ˌaːpkˌoː kˈʊcʰ kˈʊcʰ mˈaːɾʊtˌɪ cˈaːhɪˌeː ˌaːpkˌoː jˈaː ʋˌɛːɡnˈaːɾ cˈaːhɪˌeː ˌaːpkˌoː
wavs/000049.wav,जी जी हान्डा सिटी हाँ मिल जाएगी आपको,S4258203800376610,ɟˈi ɟˈi hˈaːnɖaː sˈɪʈi hˈã mˈɪl ɟaːˈeːɡi ˌaːpkˌoː
wavs/000050.wav,तो,S4258203800376610,tˈoː
wavs/000051.wav,रेट आपका आप हान्डा सिटी वग़ैरह लेंगे आपको आप देखिए हमारा जो है कारोबार जो है वह नहीं गाड़ियों का नहीं सेकेंड हैन्ड गाड़ियों का ही है और पुराने ही गाड़ियाँ आपको मिलेंगी और,S4258203800376610,ɾˈeːʈ ˌaːpkˌaː ˌaːp hˈaːnɖaː sˈɪʈi ʋəɣˈɛːɾəh lˈẽːɡeː ˌaːpkˌoː ˌaːp dˈeːkʰɪˌeː həmˌaːɾaː ɟˈoː hɛː kˌaːɾoːbˈaːɾ ɟˈoː hɛː ʋˌəh nˈʌhĩ ɡˈaːr.ɪjˌõ kaː nˈʌhĩ seːkˈẽːɖ hˈɛːnɖ ɡˈaːr.ɪjˌõ kaː hˈi hɛː ɔːɾ pʊɾˈaːneː hˈi ɡˈaːr.ɪjˌã ˌaːpkˌoː mɪlˈẽːɡi ɔːɾ
wavs/000052.wav,जी जी सेकेंड हैन्ड अगर आपको चाहिए तो सेकेंड हैन्ड में फिर आप आ जाइएगा किसी भी समय आ जाइए हमारे,S4258203800376610,ɟˈi ɟˈi seːkˈẽːɖ hˈɛːnɖ ˌʌɡəɾ ˌaːpkˌoː cˈaːhɪˌeː tˈoː seːkˈẽːɖ hˈɛːnɖ mẽː pʰˈɪɾ ˌaːp ˈaː ɟˌaːɪˈeːɡaː kˈɪsi bʰˈi sˈʌmˌɛj ˈaː ɟˈaːɪˌeː həmˌaːɾeː
wavs/000053.wav,अच्छा आपने मतलब अपने फैमिली के लिए चाहिए आपको,S4258203800376610,ˈʌcʰcʰaː ˈaːpnˌeː mˈʌtəlˌəb ˈʌpnˌeː pʰˈɛːmɪlˌi keː lˈɪeː cˈaːhɪˌeː ˌaːpkˌoː
wavs/000054.wav,अच्छा पहले अभी सीखे नहीं हैं आप चलाना,S4258203800376610,ˈʌcʰcʰaː pˈʌhəlˌeː ˈʌbʰi sˈiːkʰeː nˈʌhĩ hɛ̃ ˌaːp cəlˈaːnaː
wavs/000055.wav,अच्छा डी एल वग़ैरह ड्राइविंग लाइसेंस वग़ैरह बनवा लिया,S4258203800376610,ˈʌcʰcʰaː ɖˈi ˈeːl ʋəɣˈɛːɾəh ɖɾˌaːɪʋˈĩɡ lˌaːɪsˈẽːs ʋəɣˈɛːɾəh bˈʌnʋˌaː lˈɪjaː
wavs/000056.wav,जी ठीक ठीक सेकेंड हैन्ड ले लीजिए आप सेकेंड हैन्ड में भी अच्छे अच्छे माडल हैं और अच्छी अच्छी कंडीसन की गाड़ियाँ हैं कुछ लोग देखिए ऐसा होता है कुछ लोग तो गाड़ी अब जैसे लिए और उसको एक साल और आठ महीने पाँच महीने चलाएं अपना इसके बाद में अपना जो है दूसरी गाड़ी तुरंत नई कोई समझ में उनके आ गई उसको तुरंत कार बाज़ार में लाकर मेरी खड़ी कर दिया अपना नई ले लिए जाके,S4258203800376610,ɟˈi ʈʰˈiːk ʈʰˈiːk seːkˈẽːɖ hˈɛːnɖ lˈeː lˈiːɟɪˌeː ˌaːp seːkˈẽːɖ hˈɛːnɖ mẽː bʰˈi ˈʌcʰcʰeː ˈʌcʰcʰeː mˈaːɖəl hɛ̃ ɔːɾ ˈʌcʰcʰi ˈʌcʰcʰi kəɳɖˈiːsən ki ɡˈaːr.ɪjˌã hɛ̃ kˈʊcʰ lˈoːɡ dˈeːkʰɪˌeː ˈɛːsaː hˈoːtaː hɛː kˈʊcʰ lˈoːɡ tˈoː ɡˈaːr.i ˈʌb ɟˈɛːseː lˈɪeː ɔːɾ ˈʊskˌoː ˈeːk sˈaːl ɔːɾ ˈaːʈʰ məhˈiːneː pˈãnc məhˈiːneː cəlˈaːẽː ˈʌpnˌaː ˈɪskˌeː bˈaːd mẽː ˈʌpnˌaː ɟˈoː hɛː dˈuːsɾˌi ɡˈaːr.i tʊɾˈʌnt nˈʌi kˈoːi sˈʌməɟʰ mẽː ˌʊnkˌeː ˈaː ɡˈʌi ˈʊskˌoː tʊɾˈʌnt kˈaːɾ baːzˈaːɾ mẽː lˈaːkəɾ mˌeːɾi kʰˈʌr.i kˈʌɾ dˈɪjaː ˈʌpnˌaː nˈʌi lˈeː lˈɪeː ɟˈaːkeː
wavs/000057.wav,ऐं तो वे गाड़ियाँ जो है काफी अच्छी कंडीसन की होती हैं चाहें हम आपको <unintelligible> जो गाड़ी देंगे और जिस क़ीमत में दे देंगे उस क़ीमत में आपको कहीं गाड़ी मिलेगी नहीं,S4258203800376610,ˈɛ̃ tˈoː ʋeː ɡˈaːr.ɪjˌã ɟˈoː hɛː kˈaːpʰi ˈʌcʰcʰi kəɳɖˈiːsən ki hˈoːti hɛ̃ cˈaːhẽː hˌəm ˌaːpkˌoː (en)ˌʌnɪntˈɛlɪdʒəbəl(hi) ɟˈoː ɡˈaːr.i dˈẽːɡeː ɔːɾ ɟˈɪs qˈiːmət mẽː dˈeː dˈẽːɡeː ˈʊs qˈiːmət mẽː ˌaːpkˌoː kˈʌhĩ ɡˈaːr.i mɪlˈeːɡi nˈʌhĩ
wavs/000058.wav,और अगर आप अच्छे माडल की अच्छी गाड़ी चाह रहीं हैं तो आप ऐसा कीजिएगा किसी भी ड्राइवर से या किसी भी मतलब मिस्त्री से आप सम्पर्क कर लीजिएगा उसको साथ में लाइएगा,S4258203800376610,ɔːɾ ˌʌɡəɾ ˌaːp ˈʌcʰcʰeː mˈaːɖəl ki ˈʌcʰcʰi ɡˈaːr.i cˈaːh ɾˈʌhĩ hɛ̃ tˈoː ˌaːp ˈɛːsaː kˌiːɟɪˈeːɡaː kˈɪsi bʰˈi ɖɾˈaːɪʋˌəɾ seː jˈaː kˈɪsi bʰˈi mˈʌtəlˌəb mˈɪstɾi seː ˌaːp səmpˈʌɾk kˈʌɾ lˌiːɟɪˈeːɡaː ˈʊskˌoː sˈaːtʰ mẽː lˌaːɪˈeːɡaː
wavs/000059.wav,वह आकर आपकी गाड़ी मतलब जब वह जो जो गाड़ी बताएँगी उस गाड़ी का हम रेट बताएँगे फिर वह आदमी जो मिस्त्री या ड्राइवर अच्छा होगा आपका जो कोई जानकार हो गाड़ी के बारे में,S4258203800376610,ʋˌəh ˈaːkəɾ ˌaːpkˌi ɡˈaːr.i mˈʌtəlˌəb ɟˈʌb ʋˌəh ɟˈoː ɟˈoː ɡˈaːr.i bˌətaːˈẽːɡi ˈʊs ɡˈaːr.i kaː hˌəm ɾˈeːʈ bˌətaːˈẽːɡeː pʰˈɪɾ ʋˌəh ˈaːdmˌi ɟˈoː mˈɪstɾi jˈaː ɖɾˈaːɪʋˌəɾ ˈʌcʰcʰaː hˈoːɡaː ˌaːpkˌaː ɟˈoː kˈoːi ɟˌaːnkˈaːɾ hoː ɡˈaːr.i keː bˈaːɾeː mˈẽː
wavs/000060.wav,उसको आप ज़रूर लेकर आइएगा क्योंकि जिससे होता ना कि कुछ कार बाज़ार वाले की बहुत ज़्यादा पैसे ले लेते हैं और आपको वो कम क़ीमत वाली कार दे दिया गाड़ी दे दिया,S4258203800376610,ˈʊskˌoː ˌaːp zəɾˈuːɾ lˈeːkəɾ ˌaːɪˈeːɡaː kːjˈõkɪ ɟˈɪssˌeː hˈoːtaː nˈaː kˈɪ kˈʊcʰ kˈaːɾ baːzˈaːɾ ʋˈaːleː ki bˈʌhʊt zjˈaːdaː pˈɛːseː lˈeː lˈeːteː hɛ̃ ɔːɾ ˌaːpkˌoː ʋoː kˈʌm qˈiːmət ʋˈaːli kˈaːɾ dˈeː dˈɪjaː ɡˈaːr.i dˈeː dˈɪjaː
wavs/000061.wav,तो हम जो है ऐसा नहीं करते हैं इसीलिए हम आपसे कहे रहे हैं आप कोई कार के बारे में जो जानकार अच्छा हो उसको आप साथ में ज़रूर लाइए,S4258203800376610,tˈoː hˌəm ɟˈoː hɛː ˈɛːsaː nˈʌhĩ kˈʌɾtˌeː hɛ̃ ɪsˈiːlɪˌeː hˌəm ˈaːpsˌeː kˈʌheː ɾˌəheː hɛ̃ ˌaːp kˈoːi kˈaːɾ keː bˈaːɾeː mẽː ɟˈoː ɟˌaːnkˈaːɾ ˈʌcʰcʰaː hoː ˈʊskˌoː ˌaːp sˈaːtʰ mẽː zəɾˈuːɾ lˈaːɪˌeː
wavs/000062.wav,हम गाड़ी की क़ीमत बताएँगे फिर उस गाड़ी को वह चलाकर देखे उसको खोलकर अपना इंजन वग़ैरह देख लें पार्क देख लें सब जो भी है जैसे भी है,S4258203800376610,hˌəm ɡˈaːr.i ki qˈiːmət bˌətaːˈẽːɡeː pʰˈɪɾ ˈʊs ɡˈaːr.i koː ʋˌəh cəlˈaːkəɾ dˈeːkʰeː ˈʊskˌoː kʰˈoːləkˌəɾ ˈʌpnˌaː ˈĩɟən ʋəɣˈɛːɾəh dˈeːkʰ lˈẽː pˈaːɾk dˈeːkʰ lˈẽː sˈʌb ɟˈoː bʰˈi hɛː ɟˈɛːseː bʰˈi hɛː
wavs/000063.wav,तो जिस रेट में हम आपको गाड़ी अवलेबल करा देंगे इस रेट में शायद ही कोई कार बाज़ार वाला आपको दे पाएगा किसी ने नम्बर अगर आपको दिया है हमारा तो कुछ सोच ही समझकर दिया होगा वह ले गया होगा मेरे यहाँ से गाड़ी,S4258203800376610,tˈoː ɟˈɪs ɾˈeːʈ mẽː hˌəm ˌaːpkˌoː ɡˈaːr.i ˌʌʋlˈeːbəl kˈʌɾaː dˈẽːɡeː ˈɪs ɾˈeːʈ mẽː ʃˈaːjəd hˈi kˈoːi kˈaːɾ baːzˈaːɾ ʋˈaːlaː ˌaːpkˌoː dˈeː paːˈeːɡaː kˈɪsi nˈeː nˈʌmbəɾ ˌʌɡəɾ ˌaːpkˌoː dˈɪjaː hɛː həmˌaːɾaː tˈoː kˈʊcʰ sˈoːc hˈi sˈʌməɟʰˌəkəɾ dˈɪjaː hˈoːɡaː ʋˌəh lˈeː ɡˈʌjaː hˈoːɡaː mˌeːɾeː jˈʌhã seː ɡˈaːr.i
wavs/000064.wav,जी जी नाम इसीलिए सुने होंगे हमारा कि जो क्योंकि हम बहुत ही मतलब स्यूटेबल बहुत ही अच्छे रेट में बहुत ही अच्छी गाड़ी दे दिया करते हैं,S4258203800376610,ɟˈi ɟˈi nˈaːm ɪsˈiːlɪˌeː sˈʊneː hˈõɡeː həmˌaːɾaː kˈɪ ɟˈoː kːjˈõkɪ hˌəm bˈʌhʊt hˈi mˈʌtəlˌəb sjuːʈˈeːbəl bˈʌhʊt hˈi ˈʌcʰcʰeː ɾˈeːʈ mẽː bˈʌhʊt hˈi ˈʌcʰcʰi ɡˈaːr.i dˈeː dˈɪjaː kˈʌɾtˌeː hɛ̃
wavs/000065.wav,इसलिए हमारा नाम इतना फेमस है किसी अच्छे आदमी ने आपको नाम दिया दिया होगा नम्बर मेरा वह गाड़ी ले गया होगा हमसे उसकी सक्सेस रही होगी,S4258203800376610,ˈɪslˌɪeː həmˌaːɾaː nˈaːm ˈɪtnˌaː pʰˈeːməs hɛː kˈɪsi ˈʌcʰcʰeː ˈaːdmˌi nˈeː ˌaːpkˌoː nˈaːm dˈɪjaː dˈɪjaː hˈoːɡaː nˈʌmbəɾ mˌeːɾaː ʋˌəh ɡˈaːr.i lˈeː ɡˈʌjaː hˈoːɡaː hˈʌmsˌeː ˌʊskˌi səksˈeːs ɾˌəhi hˈoːɡi
wavs/000066.wav,हाँ ठीक है तो आप आ जाइए आपको जिस माडल की गाड़ी जो भी चाहिए होगी हम दिखवा देते हैं और फिर उसके बाद में उसको आप जो है जी तो कल आप सुबह कितने बजे आएँगी,S4258203800376610,hˈã ʈʰˈiːk hɛː tˈoː ˌaːp ˈaː ɟˈaːɪˌeː ˌaːpkˌoː ɟˈɪs mˈaːɖəl ki ɡˈaːr.i ɟˈoː bʰˈi cˈaːhɪˌeː hˈoːɡi hˌəm dˈɪkʰʋˌaː dˈeːteː hɛ̃ ɔːɾ pʰˈɪɾ ˌʊskˌeː bˈaːd mẽː ˈʊskˌoː ˌaːp ɟˈoː hɛː ɟˈi tˈoː kˈʌl ˌaːp sˈʊbəh kˈɪtnˌeː bˈʌɟeː aːˈẽːɡi
wavs/000067.wav,हाँ नमस्ते नमस्ते ठीक ठीक,S4258203800376610,hˈã nəmˈʌsteː nəmˈʌsteː ʈʰˈiːk ʈʰˈiːk
wavs/000068.wav,यह पहली बार एफ ए डब्ल्यू एस एल अकादमी लीग में खेला,S4258203800376610,jˌəh pˈʌhəlˌi bˈaːɾ ˈeːpʰ ˈeː ɖˈʌbljuː ˈeːs ˈeːl ʌkˈaːdmˌi lˈiːɡ mẽː kʰˈeːlaː
wavs/000069.wav,क्या आप मेरे आधार विवरण को अद्यतन करने में मेरी सहायता कर सकते हैं मेरा आधार नंबर आठ जीरो छः एक सात आठ तीन पाँच दो दो जीरो जीरो है और मेरे पास ओ टी पी ओ टी पी दो छः सात तीन है,S4258203800376610,kːjaː ˌaːp mˌeːɾeː aːdʰˈaːɾ ʋˈɪʋəɾˌəɳ koː ˈʌdjətˌən kˈʌɾnˌeː mẽː mˌeːɾi səhˈaːjtˌaː kˈʌɾ sˈʌktˌeː hɛ̃ mˌeːɾaː aːdʰˈaːɾ nˈʌmbəɾ ˈaːʈʰ ɟˈiːɾoː cʰˈʌh ˈeːk sˈaːt ˈaːʈʰ tˈiːn pˈãnc dˈoː dˈoː ɟˈiːɾoː ɟˈiːɾoː hɛː ɔːɾ mˌeːɾeː pˈaːs ˈoː ʈˈi pˈi ˈoː ʈˈi pˈi dˈoː cʰˈʌh sˈaːt tˈiːn hɛː
wavs/000070.wav,कृपया मेरे आधार को मेरे बैंक खाते से जोड़ने में मेरी सहायता करें मेरा आधार नंबर जीरो दो सात सात छः दो छः छः चार नौ दो छः है और मेरा बैंक खाता नंबर चार नौ छः सात छः सात सात एक आठ नौ दो पाँच आठ पाँच पाँच दो है,S4258203800376610,kɾˈɪpjˌaː mˌeːɾeː aːdʰˈaːɾ koː mˌeːɾeː bˈɛ̃k kʰˈaːteː seː ɟˈoːr.nˌeː mẽː mˌeːɾi səhˈaːjtˌaː kˈʌɾẽː mˌeːɾaː aːdʰˈaːɾ nˈʌmbəɾ ɟˈiːɾoː dˈoː sˈaːt sˈaːt cʰˈʌh dˈoː cʰˈʌh cʰˈʌh cˈaːɾ nˈɔː dˈoː cʰˈʌh hɛː ɔːɾ mˌeːɾaː bˈɛ̃k kʰˈaːtaː nˈʌmbəɾ cˈaːɾ nˈɔː cʰˈʌh sˈaːt cʰˈʌh sˈaːt sˈaːt ˈeːk ˈaːʈʰ nˈɔː dˈoː pˈãnc ˈaːʈʰ pˈãnc pˈãnc dˈoː hɛː
wavs/000071.wav,हाँ नमस्ते जी कहाँ से,S4258203800376610,hˈã nəmˈʌsteː ɟˈi kˈʌhã seː
wavs/000072.wav,जी बताएँ,S4258203800376610,ɟˈi bətˈaːj
wavs/000073.wav,जी,S4258203800376610,ɟˈi
wavs/000074.wav,अच्छा तो मतलब छोटी किट्टी पार्टी टाइप में आप करना चाह रहीं हैं तो ठीक किट्टी पार्टी टाइप में करना अगर चाह रहीं आप तो हमारे यहाँ सभी कुछ अवलेबुल है और आपको जैसे आपका आपका जो भी आपको चाहिए आपको बताना पड़ेगा कौन कौन से आइटम चाहिए सारे आइटम उपलब्ध हो जाएँगे मेरे यहाँ जैसे आपका शाही पनीर है और आपका कड़ाही पनीर है,S4258203800376610,ˈʌcʰcʰaː tˈoː mˈʌtəlˌəb cʰˈoːʈi kˈɪʈʈi pˈaːɾʈi ʈˈaːɪp mẽː ˌaːp kˈʌɾnˌaː cˈaːh ɾˈʌhĩ hɛ̃ tˈoː ʈʰˈiːk kˈɪʈʈi pˈaːɾʈi ʈˈaːɪp mẽː kˈʌɾnˌaː ˌʌɡəɾ cˈaːh ɾˈʌhĩ ˌaːp tˈoː həmˌaːɾeː jˈʌhã sˈʌbʰi kˈʊcʰ ˌʌʋlˈeːbʊl hɛː ɔːɾ ˌaːpkˌoː ɟˈɛːseː ˌaːpkˌaː ˌaːpkˌaː ɟˈoː bʰˈi ˌaːpkˌoː cˈaːhɪˌeː ˌaːpkˌoː bətˈaːnaː pər.ˈeːɡaː kˈɔːn kˈɔːn seː ˈaːɪʈˌəm cˈaːhɪˌeː sˈaːɾeː ˈaːɪʈˌəm ˌʊpəlˈʌbdʰ hoː ɟaːˈẽːɡeː mˌeːɾeː jˈʌhã ɟˈɛːseː ˌaːpkˌaː ʃˈaːhi pənˈiːɾ hɛː ɔːɾ ˌaːpkˌaː kər.ˈaːhi pənˈiːɾ hɛː
wavs/000075.wav,पालक पनीर है और आपका जो है तंदूरी रोटी है रुमाली रोटी है,S4258203800376610,pˈaːlək pənˈiːɾ hɛː ɔːɾ ˌaːpkˌaː ɟˈoː hɛː təndˈuːɾi ɾˈoːʈi hɛː ɾʊmˈaːli ɾˈoːʈi hɛː
wavs/000076.wav,हैं और आपका जो है पापड़ भी जितने प्रकार के आते हैं जैसे आपके क्या नाम है वह आपका काली मिर्च पापड़ होता है,S4258203800376610,hɛ̃ ɔːɾ ˌaːpkˌaː ɟˈoː hɛː pˈaːpər. bʰˈi ɟˈɪtnˌeː pɾəkˈaːɾ keː ˈaːteː hɛ̃ ɟˈɛːseː ˌaːpkˌeː kːjaː nˈaːm hɛː ʋˌəh ˌaːpkˌaː kˈaːli mˈɪɾc pˈaːpər. hˈoːtaː hɛː
wavs/000077.wav,और लहसुन का पापड़ होता है या और आपका जैसे और हो और कोई चीज़ वग़ैरह ये जो चाहेंगी,S4258203800376610,ɔːɾ lˈʌhəsˌʊn kaː pˈaːpər. hˈoːtaː hɛː jˈaː ɔːɾ ˌaːpkˌaː ɟˈɛːseː ɔːɾ hoː ɔːɾ kˈoːi cˈiːz ʋəɣˈɛːɾəh jeː ɟˈoː caːhˈẽːɡi
wavs/000078.wav,नहीं नहीं नहीं मेरे यहाँ शुद्ध शाकाहारी एक दम है एक दम वेजिटेरियन उसमें कोई भी मांसाहारी का कोई भी प्रोडक्ट हमारे यहाँ कोई भी आइटम नहीं बनता शुद्ध <unintelligible>,S4258203800376610,nˈʌhĩ nˈʌhĩ nˈʌhĩ mˌeːɾeː jˈʌhã ʃˈʊdʰː ʃˌaːkaːhˈaːɾi ˈeːk dˈʌm hɛː ˈeːk dˈʌm ʋˌeːɟɪʈˈeːɾɪjˌən ˈʊsmˌẽː kˈoːi bʰˈi mˌãsaːhˈaːɾi kaː kˈoːi bʰˈi pɾoːɖˈʌkʈ həmˌaːɾeː jˈʌhã kˈoːi bʰˈi ˈaːɪʈˌəm nˈʌhĩ bˈʌntˌaː ʃˈʊdʰː (en)ˌʌnɪntˈɛlɪdʒəbəl(hi)
wavs/000079.wav,जी तो शुद्ध शाका वाली यह बिहारी वाले जितने भी आइटम हैं आप जो भी कहेंगी मतलब वह टोटल आपको उपलब्ध हो जाएँगे मेरे यहाँ,S4258203800376610,ɟˈi tˈoː ʃˈʊdʰː ʃˈaːkaː ʋˈaːli jˌəh bɪhˈaːɾi ʋˈaːleː ɟˈɪtnˌeː bʰˈi ˈaːɪʈˌəm hɛ̃ ˌaːp ɟˈoː bʰˈi kəhˈẽːɡi mˈʌtəlˌəb ʋˌəh ʈˈoːʈəl ˌaːpkˌoː ˌʊpəlˈʌbdʰ hoː ɟaːˈẽːɡeː mˌeːɾeː jˈʌhã
wavs/000080.wav,हैं जैसे आप और मीठे में भी मीठे में भी जिस तरह का मीठा आप चाहेंगी जैसे आपका छेना वाला रसगुल्ला चाहेंगी तो मिल जाएगा काला जामुन चाहेंगी तो मिल जाएगा गुलाब जामुन चाहेंगी तो मिल जाएगा हें,S4258203800376610,hɛ̃ ɟˈɛːseː ˌaːp ɔːɾ mˈiːʈʰeː mẽː bʰˈi mˈiːʈʰeː mẽː bʰˈi ɟˈɪs tˈʌɾəh kaː mˈiːʈʰaː ˌaːp caːhˈẽːɡi ɟˈɛːseː ˌaːpkˌaː cʰˈeːnaː ʋˈaːlaː ɾˌəsɡˈʊllaː caːhˈẽːɡi tˈoː mˈɪl ɟaːˈeːɡaː kˈaːlaː ɟˈaːmʊn caːhˈẽːɡi tˈoː mˈɪl ɟaːˈeːɡaː ɡʊlˈaːb ɟˈaːmʊn caːhˈẽːɡi tˈoː mˈɪl ɟaːˈeːɡaː hˈẽː
wavs/000081.wav,जी जी आइस क्रीम भी आपको मिल जाएगी अइस क्रीम आप जिस टाइप की चाहेंगी उस टाइप की अइस क्रीम आपको मिल जाएगी,S4258203800376610,ɟˈi ɟˈi ˈaːɪs kɾˈiːm bʰˈi ˌaːpkˌoː mˈɪl ɟaːˈeːɡi ˈʌɪs kɾˈiːm ˌaːp ɟˈɪs ʈˈaːɪp ki caːhˈẽːɡi ˈʊs ʈˈaːɪp ki ˈʌɪs kɾˈiːm ˌaːpkˌoː mˈɪl ɟaːˈeːɡi
wavs/000082.wav,अइस क्रीम में भी कई तरीक़े के आते हैं लेकिन आप फ्लेवर तो चुनना आपकी वह उसपर है जैसा फ्लेवर आप चाहेंगी उस तरह का फ्लेवर हमारे यहाँ आइस क्रीम का भी मिल जाएगा और रह गई आपके जो है कोल्ड डिंग वग़ैरह वह सभी सभी प्रकार के कोल्ड ड्रिंक भी हमारे यहाँ अवलेबल है वह भी मिल जाएगी आपको,S4258203800376610,ˈʌɪs kɾˈiːm mẽː bʰˈi kˈʌi təɾˈiːqeː keː ˈaːteː hɛ̃ lˈeːkɪn ˌaːp pʰlˈeːʋəɾ tˈoː cˈʊnnˌaː ˌaːpkˌi ʋˌəh ˈʊsəpˌəɾ hɛː ɟˈɛːsaː pʰlˈeːʋəɾ ˌaːp caːhˈẽːɡi ˈʊs tˈʌɾəh kaː pʰlˈeːʋəɾ həmˌaːɾeː jˈʌhã ˈaːɪs kɾˈiːm kaː bʰˈi mˈɪl ɟaːˈeːɡaː ɔːɾ ɾˈʌh ɡˈʌi ˌaːpkˌeː ɟˈoː hɛː kˈoːlɖ ɖˈĩɡ ʋəɣˈɛːɾəh ʋˌəh sˈʌbʰi sˈʌbʰi pɾəkˈaːɾ keː kˈoːlɖ ɖɾˈĩk bʰˈi həmˌaːɾeː jˈʌhã ˌʌʋlˈeːbəl hɛː ʋˌəh bʰˈi mˈɪl ɟaːˈeːɡi ˌaːpkˌoː
wavs/000083.wav,जी और आपको जो है और खाने में खाने में आप मतलब कच्चा खाना चाहिए तो पक्के में चाहेंगे तो कच्चे पक्के दोनों तरह के खाने हमारे यहाँ मिल जाएँगे,S4258203800376610,ɟˈi ɔːɾ ˌaːpkˌoː ɟˈoː hɛː ɔːɾ kʰˈaːneː mẽː kʰˈaːneː mẽː ˌaːp mˈʌtəlˌəb kˈʌcːaː kʰˈaːnaː cˈaːhɪˌeː tˈoː pˈʌkːeː mẽː caːhˈẽːɡeː tˈoː kˈʌcːeː pˈʌkːeː dˈoːnõ tˈʌɾəh keː kʰˈaːneː həmˌaːɾeː jˈʌhã mˈɪl ɟaːˈẽːɡeː
wavs/000084.wav,जिस तरह का आप चाहेंगी,S4258203800376610,ɟˈɪs tˈʌɾəh kaː ˌaːp caːhˈẽːɡi
wavs/000085.wav,अच्छा मतलब थोड़ा कच्चे में भी रहेगा और थोड़ा पक्के में भी रहेगा,S4258203800376610,ˈʌcʰcʰaː mˈʌtəlˌəb tʰˈoːr.aː kˈʌcːeː mẽː bʰˈi ɾəhˈeːɡaː ɔːɾ tʰˈoːr.aː pˈʌkːeː mẽː bʰˈi ɾəhˈeːɡaː
wavs/000086.wav,जी परसों,S4258203800376610,ɟˈi pˈʌɾsˌõ
wavs/000087.wav,जी तो परसों कितने बजे तक आपको चाहिए होगा परसों यह,S4258203800376610,ɟˈi tˈoː pˈʌɾsˌõ kˈɪtnˌeː bˈʌɟeː tˌək ˌaːpkˌoː cˈaːhɪˌeː hˈoːɡaː pˈʌɾsˌõ jˌəh
wavs/000088.wav,परसों कितने बजे तक,S4258203800376610,pˈʌɾsˌõ kˈɪtnˌeː bˈʌɟeː tˌək
wavs/000089.wav,तो क्योंकि मतलब टाइम इसलिए पूछ रहे हैं कि जैसे आप टाइम बता देंगी तो उस हिसाब से पहले उसमें की तैयारी करनी होती है ना,S4258203800376610,tˈoː kːjˈõkɪ mˈʌtəlˌəb ʈˈaːɪm ˈɪslˌɪeː pˈuːcʰ ɾˌəheː hɛ̃ kˈɪ ɟˈɛːseː ˌaːp ʈˈaːɪm bˈʌtaː dˈẽːɡi tˈoː ˈʊs hɪsˈaːb seː pˈʌhəlˌeː ˈʊsmˌẽː ki tɛːjˈaːɾi kˈʌɾnˌi hˈoːti hɛː nˈaː
wavs/000090.wav,कि कितने कौन कौन से आइटम चाहिए और कितनी मात्रा में चाहिए यह आपको कम से कम हमको आपको क़रीब दो घंटे पहले तो आपको बता ना होगा उस हिसाब से हम तैयारी करते हैं ना उस तरह से उस तरह से तैयारी करवा के फिर एक दम ताज़ा आपको बनाकर देंगे वही जो आप चाहेंगी,S4258203800376610,kˈɪ kˈɪtnˌeː kˈɔːn kˈɔːn seː ˈaːɪʈˌəm cˈaːhɪˌeː ɔːɾ kˈɪtnˌi mˈaːtɾaː mẽː cˈaːhɪˌeː jˌəh ˌaːpkˌoː kˈʌm seː kˈʌm hˈʌmkˌoː ˌaːpkˌoː qəɾˈiːb dˈoː ɡʰˈʌɳʈeː pˈʌhəlˌeː tˈoː ˌaːpkˌoː bˈʌtaː nˈaː hˈoːɡaː ˈʊs hɪsˈaːb seː hˌəm tɛːjˈaːɾi kˈʌɾtˌeː hɛ̃ nˈaː ˈʊs tˈʌɾəh seː ˈʊs tˈʌɾəh seː tɛːjˈaːɾi kˈʌɾʋˌaː keː pʰˈɪɾ ˈeːk dˈʌm tˈaːzaː ˌaːpkˌoː bənˈaːkəɾ dˈẽːɡeː ʋˈʌhi ɟˈoː ˌaːp caːhˈẽːɡi
wavs/000091.wav,अच्छा तो आप फोन ऐसा कीजिएगा फोन आप जल्दी कर दीजिएगा फोन आप कर दीजिएगा वही क़रीब हमारे पास दो बजे के आस पास कर दीजिएगा,S4258203800376610,ˈʌcʰcʰaː tˈoː ˌaːp pʰˈoːn ˈɛːsaː kˌiːɟɪˈeːɡaː pʰˈoːn ˌaːp ɟˈʌldi kˈʌɾ dˌiːɟɪˈeːɡaː pʰˈoːn ˌaːp kˈʌɾ dˌiːɟɪˈeːɡaː ʋˈʌhi qəɾˈiːb həmˌaːɾeː pˈaːs dˈoː bˈʌɟeː keː ˈaːs pˈaːs kˈʌɾ dˌiːɟɪˈeːɡaː
wavs/000092.wav,दो बजे फोन अगर कर देंगी आप तो आप जो भी चाहेंगी जो भी हमको नोट कराएँगी हम जो है आपको मतलब फ्रेस चार बजे एक दम हम रेडी कर देंगे वह सारे आइटम जितने भी आइटम आपको चाहिए होंगे ठीक है,S4258203800376610,dˈoː bˈʌɟeː pʰˈoːn ˌʌɡəɾ kˈʌɾ dˈẽːɡi ˌaːp tˈoː ˌaːp ɟˈoː bʰˈi caːhˈẽːɡi ɟˈoː bʰˈi hˈʌmkˌoː nˈoːʈ kˌəɾaːˈẽːɡi hˌəm ɟˈoː hɛː ˌaːpkˌoː mˈʌtəlˌəb pʰɾˈeːs cˈaːɾ bˈʌɟeː ˈeːk dˈʌm hˌəm ɾˈeːɖi kˈʌɾ dˈẽːɡeː ʋˌəh sˈaːɾeː ˈaːɪʈˌəm ɟˈɪtnˌeː bʰˈi ˈaːɪʈˌəm ˌaːpkˌoː cˈaːhɪˌeː hˈõɡeː ʈʰˈiːk hɛː
wavs/000093.wav,जी जी जी ओके ठीक,S4258203800376610,ɟˈi ɟˈi ɟˈi ˈoːkeː ʈʰˈiːk
wavs/000094.wav,हाँ जी नमस्ते कहाँ से,S4258203800376610,hˈã ɟˈi nəmˈʌsteː kˈʌhã seː
wavs/000095.wav,जी तो बताएँ,S4258203800376610,ɟˈi tˈoː bətˈaːj
wavs/000096.wav,किसलिए फ़ोन किया,S4258203800376610,kˈɪslˌɪeː fˈoːn kˈɪjaː
wavs/000097.wav,जी मतलब उत्तर प्रदेश के दार्शनिक अच्छे अच्छे स्थलों पे घूमना है आपको,S4258203800376610,ɟˈi mˈʌtəlˌəb ˈʊtːəɾ pɾədˈeːʃ keː dˈaːrʃənˌɪk ˈʌcʰcʰeː ˈʌcʰcʰeː stʰˈʌlõ pˈeː ɡʰˈuːmnˌaː hɛː ˌaːpkˌoː
wavs/000098.wav,तो ठीक है फिर कितने लोग आपके साथ में हैं,S4258203800376610,tˈoː ʈʰˈiːk hɛː pʰˈɪɾ kˈɪtnˌeː lˈoːɡ ˌaːpkˌeː sˈaːtʰ mẽː hɛ̃
wavs/000099.wav,जी जी डे ट्रैवल एजेंसी हमारी है ट्रैवल एजेंसी हमारी है तो वो हिसाब से हम किराया जो है किसी से भी अधिक नहीं लेते हैं क्योंकि हमको अपनी एजेंसी चलानी होती है इसलिए आज आपको ले जा रहे हैं कल किसी और की फ़ैमिली को ले जाना होगा अब हम आपसे ज़्यादा पैसे ले लेंगे तो अगली बार के लिए हमारे बिज़नेस में दिक्कत हमको आएगी तो इसलिए हम ज़्यादा पैसे नहीं लेते हैं तो आपको इधर मथुरा घूमना है,S4258203800376610,ɟˈi ɟˈi ɖˈeː ʈɾˈɛːʋəl eːɟˈẽːsi həmˌaːɾi hɛː ʈɾˈɛːʋəl eːɟˈẽːsi həmˌaːɾi hɛː tˈoː ʋoː hɪsˈaːb seː hˌəm kɪɾˈaːjaː ɟˈoː hɛː kˈɪsi seː bʰˈi ˈʌdʰɪk nˈʌhĩ lˈeːteː hɛ̃ kːjˈõkɪ hˈʌmkˌoː ˈʌpnˌi eːɟˈẽːsi cəlˈaːni hˈoːti hɛː ˈɪslˌɪeː ˈaːɟ ˌaːpkˌoː lˈeː ɟˈaː ɾˌəheː hɛ̃ kˈʌl kˈɪsi ɔːɾ ki fˈɛːmɪlˌi koː lˈeː ɟˈaːnaː hˈoːɡaː ˈʌb hˌəm ˈaːpsˌeː zjˈaːdaː pˈɛːseː lˈeː lˈẽːɡeː tˈoː ˈʌɡlˌi bˈaːɾ keː lˈɪeː həmˌaːɾeː bˌɪznˈeːs mẽː dˈɪkːət hˈʌmkˌoː aːˈeːɡi tˈoː ˈɪslˌɪeː hˌəm zjˈaːdaː pˈɛːseː nˈʌhĩ lˈeːteː hɛ̃ tˈoː ˌaːpkˌoː ˈɪdʰəɾ mˈʌtʰʊɾˌaː ɡʰˈuːmnˌaː hɛː
wavs/000100.wav,ठीक मथुरा घुमा देंगे आपको फिर वृंदावन घुमा देंगे वहाँ तो कई दार्शनिक स्थल हैं पड़ोस पास ही पास में हैं ज़्यादा दूर नहीं जैसे नन्दगांव आपका है बरसाना है,S4258203800376610,ʈʰˈiːk mˈʌtʰʊɾˌaː ɡʰˈʊmaː dˈẽːɡeː ˌaːpkˌoː pʰˈɪɾ ʋɾɪndˈaːʋən ɡʰˈʊmaː dˈẽːɡeː ʋˈʌhã tˈoː kˈʌi dˈaːrʃənˌɪk stʰˈʌl hɛ̃ pər.ˈoːs pˈaːs hˈi pˈaːs mẽː hɛ̃ zjˈaːdaː dˈuːɾ nˈʌhĩ ɟˈɛːseː nˌəndəɡˈãʋ ˌaːpkˌaː hɛː bˌəɾsˈaːnaː hɛː
wavs/000101.wav,ये गोवर्धन है ये सब चीज़ आपको टहला देंगे ये सब बहुत दूरी नहीं है कोई थोड़ी थोड़ी दूर में हैं भगवान श्री कृष्ण की वो मतलब क्षेत्र है वहाँ पे और बहुत ही काफी जैसे मथुरा में आपका कृष्ण जन्मभूमि है,S4258203800376610,jeː ɡoːʋˈʌɾdʰən hɛː jeː sˈʌb cˈiːz ˌaːpkˌoː ʈˈʌhəlˌaː dˈẽːɡeː jeː sˈʌb bˈʌhʊt dˈuːɾi nˈʌhĩ hɛː kˈoːi tʰˈoːr.i tʰˈoːr.i dˈuːɾ mẽː hɛ̃ bʰˌəɡʋˈaːn ʃɾˈi kɾˈɪʂɳə ki ʋoː mˈʌtəlˌəb kʃˈeːtɾə hɛː ʋˈʌhã pˈeː ɔːɾ bˈʌhʊt hˈi kˈaːpʰi ɟˈɛːseː mˈʌtʰʊɾˌaː mẽː ˌaːpkˌaː kɾˈɪʂɳə ɟˌənməbʰˈuːmɪ hɛː
wavs/000102.wav,हें इसी तरह से आपका वहीं पे थोड़ी दूरी पे है आपका वो क्या नाम पड़ जाएगा गोवर्धन पड़ जाएगा,S4258203800376610,hˈẽː ˈɪsi tˈʌɾəh seː ˌaːpkˌaː ʋˈʌhĩ pˈeː tʰˈoːr.i dˈuːɾi pˈeː hɛː ˌaːpkˌaː ʋoː kːjaː nˈaːm pˈʌr. ɟaːˈeːɡaː ɡoːʋˈʌɾdʰən pˈʌr. ɟaːˈeːɡaː
wavs/000103.wav,फिर आपका नंदगांव पड़ जाएगा वृन्दावन पड़ जाएगा ये सब आपको घुमा देंगे उसके बाद में अगर आपको और भी अधिक घूमना है तो वहाँ से फिर आपको हम इधर ले आते हैं इलाहाबाद ले आते हैं आपको इलाहाबाद प्रयागराज संगम है,S4258203800376610,pʰˈɪɾ ˌaːpkˌaː nˌəndəɡˈãʋ pˈʌr. ɟaːˈeːɡaː ʋɾɪndˈaːʋən pˈʌr. ɟaːˈeːɡaː jeː sˈʌb ˌaːpkˌoː ɡʰˈʊmaː dˈẽːɡeː ˌʊskˌeː bˈaːd mẽː ˌʌɡəɾ ˌaːpkˌoː ɔːɾ bʰˈi ˈʌdʰɪk ɡʰˈuːmnˌaː hɛː tˈoː ʋˈʌhã seː pʰˈɪɾ ˌaːpkˌoː hˌəm ˈɪdʰəɾ lˈeː ˈaːteː hɛ̃ ˌɪlaːhaːbˈaːd lˈeː ˈaːteː hɛ̃ ˌaːpkˌoː ˌɪlaːhaːbˈaːd pɾˌəjaːɡɾˈaːɟ sˈʌŋɡəm hɛː
wavs/000104.wav,तो ये भी समझिए ये एक उत्तर प्रदेश का बहुत ही मतलब माना हुआ मनोरम स्थान है तीर्थों के राजा कहे गए हैं हमारे प्रयागराज जी,S4258203800376610,tˈoː jeː bʰˈi sˈʌmɟʰˌɪeː jeː ˈeːk ˈʊtːəɾ pɾədˈeːʃ kaː bˈʌhʊt hˈi mˈʌtəlˌəb mˈaːnaː hˈʊaː mənˈoːɾəm stʰˈaːn hɛː tˈiːɾtʰõ keː ɾˈaːɟaː kˈʌheː ɡˈʌeː hɛ̃ həmˌaːɾeː pɾˌəjaːɡɾˈaːɟ ɟˈi
wavs/000105.wav,और सब समझिए पूरे तीर्थों के राजा कहे गए हैं प्रयागराज जी बहुत बड़ा मतलब तीर्थ है,S4258203800376610,ɔːɾ sˈʌb sˈʌmɟʰˌɪeː pˈuːɾeː tˈiːɾtʰõ keː ɾˈaːɟaː kˈʌheː ɡˈʌeː hɛ̃ pɾˌəjaːɡɾˈaːɟ ɟˈi bˈʌhʊt bˈʌr.aː mˈʌtəlˌəb tˈiːɾtʰ hɛː
wavs/000106.wav,यहाँ पे जब महाकुंभ वगैरह का मेला होता है तो आप समझिए कि विश्व स्तर का आदमी आता है प्रयागराज जी में,S4258203800376610,jˈʌhã pˈeː ɟˈʌb mˌəhaːkˈũbʰ ʋəɡˈɛːɾəh kaː mˈeːlaː hˈoːtaː hɛː tˈoː ˌaːp sˈʌmɟʰˌɪeː kˈɪ ʋˈɪʃʋ stˈʌɾ kaː ˈaːdmˌi ˈaːtaː hɛː pɾˌəjaːɡɾˈaːɟ ɟˈi mˈẽː
wavs/000107.wav,बहुत बड़ी मान्यता है तो प्रयागराज भी आपको घुमा देंगे उसके बाद आपको हम काशी बनारस घुमा देते हैं,S4258203800376610,bˈʌhʊt bˈʌr.i mˈaːnjətˌaː hɛː tˈoː pɾˌəjaːɡɾˈaːɟ bʰˈi ˌaːpkˌoː ɡʰˈʊmaː dˈẽːɡeː ˌʊskˌeː bˈaːd ˌaːpkˌoː hˌəm kˈaːʃi bənˈaːɾəs ɡʰˈʊmaː dˈeːteː hɛ̃
wavs/000108.wav,अस्सी बनारस भी भगवान शिव की नगरी है और बहुत ही प्राचीन नगरी है और गंगा मैया के उसमें आप ये समझिए कि चौरासी घाट गंगा जी के हैं,S4258203800376610,ˈʌssi bənˈaːɾəs bʰˈi bʰˌəɡʋˈaːn ʃˈɪʋ ki nˈʌɡɾˌi hɛː ɔːɾ bˈʌhʊt hˈi pɾaːcˈiːn nˈʌɡɾˌi hɛː ɔːɾ ɡˈʌŋɡaː mˈɛːjaː keː ˈʊsmˌẽː ˌaːp jeː sˈʌmɟʰˌɪeː kˈɪ cɔːɾˈaːsi ɡʰˈaːʈ ɡˈʌŋɡaː ɟˈi keː hɛ̃
wavs/000109.wav,जिसमें कुछ प्रमुख घाटों को भी आपको हम देखवा देंगे जैसे आपका हरिश्चंद घाट है और आपका हाँ आपका वो जो है क्या नाम आपके मणिकर्णिका घाट है,S4258203800376610,ɟˈɪsmˌẽː kˈʊcʰ pɾˈʌmʊkʰ ɡʰˈaːʈõ koː bʰˈi ˌaːpkˌoː hˌəm dˈeːkʰʋˌaː dˈẽːɡeː ɟˈɛːseː ˌaːpkˌaː hˌəɾɪʃcˈʌnd ɡʰˈaːʈ hɛː ɔːɾ ˌaːpkˌaː hˈã ˌaːpkˌaː ʋoː ɟˈoː hɛː kːjaː nˈaːm ˌaːpkˌeː mˌəɳɪkˈʌrɳɪkˌaː ɡʰˈaːʈ hɛː
wavs/000110.wav,ओ हाँ मणिकर्णिका घाट को लोग बताते हैं कि मतलब अब बनारस की तो इतनी महिमा है आप समझिए कि बताते हैं कि भगवान शिव के त्रिशूल पे ही ये बसी हुई नगरी है और बहुत ही पवित्र नगरी है ये,S4258203800376610,ˈoː hˈã mˌəɳɪkˈʌrɳɪkˌaː ɡʰˈaːʈ koː lˈoːɡ bətˈaːteː hɛ̃ kˈɪ mˈʌtəlˌəb ˈʌb bənˈaːɾəs ki tˈoː ˈɪtnˌi mˈʌhɪmˌaː hɛː ˌaːp sˈʌmɟʰˌɪeː kˈɪ bətˈaːteː hɛ̃ kˈɪ bʰˌəɡʋˈaːn ʃˈɪʋ keː tɾɪʃˈuːl pˈeː hˈi jeː bˈʌsi hˈʊi nˈʌɡɾˌi hɛː ɔːɾ bˈʌhʊt hˈi pəʋˈɪtɾə nˈʌɡɾˌi hɛː jeː
wavs/000111.wav,यहाँ की,S4258203800376610,jˈʌhã ki
wavs/000112.wav,जी बताएँ,S4258203800376610,ɟˈi bətˈaːj
wavs/000113.wav,अच्छा सब कहीं घूमने जाना है तो ठीक है आप मतलब अपने दिमाग से निकाल दीजिए कि आपसे हम किराया अधिक ले लेंगे किराया अगर आपको सब कहीं घूमना है तो हम आपको सब कहीं घुमा देंगे लेकिन बस ये है हमारी गाड़ी में ये सीटें जितनी हैं उस हिसाब से <unintelligible> होनी चाहिए पता लगा ओवरलोड ना हो गाड़ी,S4258203800376610,ˈʌcʰcʰaː sˈʌb kˈʌhĩ ɡʰˈuːmnˌeː ɟˈaːnaː hɛː tˈoː ʈʰˈiːk hɛː ˌaːp mˈʌtəlˌəb ˈʌpnˌeː dɪmˈaːɡ seː nɪkˈaːl dˈiːɟɪˌeː kˈɪ ˈaːpsˌeː hˌəm kɪɾˈaːjaː ˈʌdʰɪk lˈeː lˈẽːɡeː kɪɾˈaːjaː ˌʌɡəɾ ˌaːpkˌoː sˈʌb kˈʌhĩ ɡʰˈuːmnˌaː hɛː tˈoː hˌəm ˌaːpkˌoː sˈʌb kˈʌhĩ ɡʰˈʊmaː dˈẽːɡeː lˈeːkɪn bˈʌs jeː hɛː həmˌaːɾi ɡˈaːr.i mẽː jeː sˈiːʈẽː ɟˈɪtnˌi hɛ̃ ˈʊs hɪsˈaːb seː (en)ˌʌnɪntˈɛlɪdʒəbəl(hi) hˈoːni cˈaːhɪˌeː pˈʌtaː lˈʌɡaː ˌoːʋəɾlˈoːɖ nˈaː hoː ɡˈaːr.i
wavs/000114.wav,और सीटें जितनी हैं उस हिसाब से अगर लोग हैं तो ठीक है हम आपको सब जगह घुमा देंगे और बहुत ही सही किराया हम आपसे लेंगे तो कल आप आ जाएँगी,S4258203800376610,ɔːɾ sˈiːʈẽː ɟˈɪtnˌi hɛ̃ ˈʊs hɪsˈaːb seː ˌʌɡəɾ lˈoːɡ hɛ̃ tˈoː ʈʰˈiːk hɛː hˌəm ˌaːpkˌoː sˈʌb ɟˈʌɡəh ɡʰˈʊmaː dˈẽːɡeː ɔːɾ bˈʌhʊt hˈi sˈʌhi kɪɾˈaːjaː hˌəm ˈaːpsˌeː lˈẽːɡeː tˈoː kˈʌl ˌaːp ˈaː ɟaːˈẽːɡi
wavs/000115.wav,नमस्ते,S4258203800376610,nəmˈʌsteː
wavs/000116.wav,जून दो हजार सत्रह में वे जापान लौट आईं और उरावा रेड्स में शामिल हो गईं,S4258203800376610,ɟˈuːn dˈoː həɟˈaːɾ sˈʌtɾəh mẽː ʋeː ɟaːpˈaːn lˈɔːʈ aːˈiːn ɔːɾ ʊɾˈaːʋaː ɾˈeːɖs mẽː ʃˈaːmɪl hoː ɡəˈiːn
wavs/000117.wav,अमेरिकन ऑप्टिकल मेक्सिको में कहीं स्थानांतरित हो गया जहाँ श्रमिकों को कम मजदूरी दी जाएगी,S4258203800376610,ʌmˈeːɾɪkˌən ˈɔpʈɪkˌəl mˈeːksɪkˌoː mẽː kˈʌhĩ stʰaːnˈãtɾˌɪt hoː ɡˈʌjaː ɟˈʌhã ʃɾˈʌmɪkˌõ koː kˈʌm mˌəɟdˈuːɾi dˈi ɟaːˈeːɡi
wavs/000118.wav,जी हाँ मैं दौड़ किसी प्रतियोगिता पहले जब हम प्राइमरी पाठशाला में पढ़ते थे उस समय दौड़ में,S4258203800376610,ɟˈi hˈã mɛ̃ dˈɔːr. kˈɪsi pɾˌətɪjˈoːɡɪtˌaː pˈʌhəlˌeː ɟˈʌb hˌəm pɾˈaːɪmɾi pˌaːʈʰʃˈaːlaː mẽː pˈʌr.hətˌeː tʰeː ˈʊs sˈʌmˌɛj dˈɔːr. mˈẽː
wavs/000119.wav,शामिल हुए थे एक दौड़ इस्कूल में ही कराई जाती थी एक मानक रख दिया जाता था कि यहाँ से यहाँ तक,S4258203800376610,ʃˈaːmɪl hˈʊeː tʰeː ˈeːk dˈɔːr. ɪskˈuːl mẽː hˈi kəɾˈaːi ɟˈaːti tʰi ˈeːk mˈaːnək ɾˈʌkʰ dˈɪjaː ɟˈaːtaː tʰaː kˈɪ jˈʌhã seː jˈʌhã tˌək
wavs/000120.wav,और दौड़ लगानी है तो उस समय वहाँ से वहाँ तक एक ग्रुप होता था लड़कों का कि इतने लड़के इस ग्रुप में इतने लड़के इस ग्रुप में तो कौन कितनी दौड़ लगाता है कितने समय में,S4258203800376610,ɔːɾ dˈɔːr. ləɡˈaːni hɛː tˈoː ˈʊs sˈʌmˌɛj ʋˈʌhã seː ʋˈʌhã tˌək ˈeːk ɡɾˈʊp hˈoːtaː tʰaː lˈʌr.kˌõ kaː kˈɪ ˈɪtnˌeː lˈʌr.kˌeː ˈɪs ɡɾˈʊp mẽː ˈɪtnˌeː lˈʌr.kˌeː ˈɪs ɡɾˈʊp mẽː tˈoː kˈɔːn kˈɪtnˌi dˈɔːr. ləɡˈaːtaː hɛː kˈɪtnˌeː sˈʌmˌɛj mˈẽː
wavs/000121.wav,अपनी दूरी को तय करता है तो उसमें हमने भाग लिया है,S4258203800376610,ˈʌpnˌi dˈuːɾi koː tˈʌɛj kˈʌɾtˌaː hɛː tˈoː ˈʊsmˌẽː hˈʌmnˌeː bʰˈaːɡ lˈɪjaː hɛː
wavs/000122.wav,और दौड़े भी हैं फिर इसके बाद में जो हमारे अध्यापक थे वो बताते थे कि दौड़ लगाने से शरीर चुस्त और दुरुस्त होता है और फुर्तीला होता है,S4258203800376610,ɔːɾ dˈɔːr.eː bʰˈi hɛ̃ pʰˈɪɾ ˈɪskˌeː bˈaːd mẽː ɟˈoː həmˌaːɾeː ʌdʰjˈaːpək tʰeː ʋoː bətˈaːteː tʰeː kˈɪ dˈɔːr. ləɡˈaːneː seː ʃəɾˈiːɾ cˈʊst ɔːɾ dʊɾˈʊst hˈoːtaː hɛː ɔːɾ pʰʊɾtˈiːlaː hˈoːtaː hɛː
wavs/000123.wav,और इससे दौड़ लगाने से शरीर के जितनी भी मांस कोशिकाएँ हैं उनमें,S4258203800376610,ɔːɾ ˈɪssˌeː dˈɔːr. ləɡˈaːneː seː ʃəɾˈiːɾ keː ɟˈɪtnˌi bʰˈi mˈãs kˌoːʃɪkˈaːj hɛ̃ ˈʊnmˌẽː
wavs/000124.wav,ठीक तरह से खून का संचार हो जाता है और ठीक से जो है पाचन क्रिया भी आपकी ठीक रहेगी इसी तरह से मतलब बहुत सारे फ़ायदे हम बताया करते थे,S4258203800376610,ʈʰˈiːk tˈʌɾəh seː kʰˈuːn kaː səɲcˈaːɾ hoː ɟˈaːtaː hɛː ɔːɾ ʈʰˈiːk seː ɟˈoː hɛː pˈaːcən kɾˈɪjaː bʰˈi ˌaːpkˌi ʈʰˈiːk ɾəhˈeːɡi ˈɪsi tˈʌɾəh seː mˈʌtəlˌəb bˈʌhʊt sˈaːɾeː fˈaːjdˌeː hˌəm bətˈaːjaː kˈʌɾtˌeː tʰeː
wavs/000125.wav,तो उनको सुनते थे हम लोग तो लगता था कि एक दौड़ करना बहुत ही आवश्यक और अच्छी चीज है,S4258203800376610,tˈoː ˈʊnkˌoː sˈʊntˌeː tʰeː hˌəm lˈoːɡ tˈoː lˈʌɡtˌaː tʰaː kˈɪ ˈeːk dˈɔːr. kˈʌɾnˌaː bˈʌhʊt hˈi aːʋˈʌʃjək ɔːɾ ˈʌcʰcʰi cˈiːɟ hɛː
wavs/000126.wav,और इसके बाद में फिर कोई ऐसा समय नहीं आया कि इसके बाद किसी दौड़ प्रतियोगिता में हम शामिल हों,S4258203800376610,ɔːɾ ˈɪskˌeː bˈaːd mẽː pʰˈɪɾ kˈoːi ˈɛːsaː sˈʌmˌɛj nˈʌhĩ ˈaːjaː kˈɪ ˈɪskˌeː bˈaːd kˈɪsi dˈɔːr. pɾˌətɪjˈoːɡɪtˌaː mẽː hˌəm ʃˈaːmɪl hˈõ
wavs/000127.wav,और उसके बाद इस्कूल से हटने के बाद में फिर किसी भी दौड़ वाली प्रतियोगिता में हम शामिल नहीं हुए है,S4258203800376610,ɔːɾ ˌʊskˌeː bˈaːd ɪskˈuːl seː hˈʌʈnˌeː keː bˈaːd mẽː pʰˈɪɾ kˈɪsi bʰˈi dˈɔːr. ʋˈaːli pɾˌətɪjˈoːɡɪtˌaː mẽː hˌəm ʃˈaːmɪl nˈʌhĩ hˈʊeː hɛː
wavs/000128.wav,कोई ऐसा नहीं अवसर मिला कि हम किसी प्रतियोगिता में दौड़ की प्रतियोगिता में शामिल हों,S4258203800376610,kˈoːi ˈɛːsaː nˈʌhĩ ˈʌʋəsˌəɾ mˈɪlaː kˈɪ hˌəm kˈɪsi pɾˌətɪjˈoːɡɪtˌaː mẽː dˈɔːr. ki pɾˌətɪjˈoːɡɪtˌaː mẽː ʃˈaːmɪl hˈõ
wavs/000129.wav,और अब ओ रहे गई दौड़ में उ दौड़ की प्रतियोगिता से जुड़ने,S4258203800376610,ɔːɾ ˈʌb ˈoː ɾˌəheː ɡˈʌi dˈɔːr. mẽː ˈʊ dˈɔːr. ki pɾˌətɪjˈoːɡɪtˌaː seː ɟˈʊr.nˌeː
wavs/000130.wav,उनके लिए तो अब तो वो प्राइवेट नौकरी करता हूँ और उम्र भी अब वो ज़्यादा हो गई है,S4258203800376610,ˌʊnkˌeː lˈɪeː tˈoː ˈʌb tˈoː ʋoː pɾˌaːɪʋˈeːʈ nˈɔːkɾˌi kˈʌɾtˌaː hũ ɔːɾ ˈʊmɾə bʰˈi ˈʌb ʋoː zjˈaːdaː hoː ɡˈʌi hɛː
wavs/000131.wav,तो प्राइवेट नौकरी करने के बाद में ही इतना थकान आ जाता है इस तरह से,S4258203800376610,tˈoː pɾˌaːɪʋˈeːʈ nˈɔːkɾˌi kˈʌɾnˌeː keː bˈaːd mẽː hˈi ˈɪtnˌaː tʰəkˈaːn ˈaː ɟˈaːtaː hɛː ˈɪs tˈʌɾəh seː
wavs/000132.wav,कि किसी भी दौड़ प्रतियोगिता में शामिल होने की,S4258203800376610,kˈɪ kˈɪsi bʰˈi dˈɔːr. pɾˌətɪjˈoːɡɪtˌaː mẽː ʃˈaːmɪl hˈoːneː ki
wavs/000133.wav,इच्छा ही नहीं करती है और यदि इच्छा भी करें तो अब वो शरीर उस तरह से लगता है कि साथ नहीं देगा,S4258203800376610,ˈɪcʰcʰaː hˈi nˈʌhĩ kˈʌɾtˌi hɛː ɔːɾ jˌədɪ ˈɪcʰcʰaː bʰˈi kˈʌɾẽː tˈoː ˈʌb ʋoː ʃəɾˈiːɾ ˈʊs tˈʌɾəh seː lˈʌɡtˌaː hɛː kˈɪ sˈaːtʰ nˈʌhĩ dˈeːɡaː
wavs/000134.wav,और जब इस्कूल में पढ़ते थे,S4258203800376610,ɔːɾ ɟˈʌb ɪskˈuːl mẽː pˈʌr.hətˌeː tʰeː
wavs/000135.wav,उस समय उम्र भी हमारी कम थी और थोड़ा बच्चों का साथ और सहयोग रहता था तो एक उत्साह जैसा बना रहता था तो हमारे बहुत से खेल से,S4258203800376610,ˈʊs sˈʌmˌɛj ˈʊmɾə bʰˈi həmˌaːɾi kˈʌm tʰi ɔːɾ tʰˈoːr.aː bˈʌcːõ kaː sˈaːtʰ ɔːɾ sˌəhəjˈoːɡ ɾˈʌhətˌaː tʰaː tˈoː ˈeːk ʊtsˈaːh ɟˈɛːsaː bˈʌnaː ɾˈʌhətˌaː tʰaː tˈoː həmˌaːɾeː bˈʌhʊt seː kʰˈeːl seː
wavs/000136.wav,ऐसे जिनको खेलने के लिए,S4258203800376610,ˈɛːseː ɟˈɪnkˌoː kʰˈeːlnˌeː keː lˈɪeː
wavs/000137.wav,ग्रुप वाइज़ खेलते थे हम लोग तो काफ़ी अच्छा प्रतीत होता था,S4258203800376610,ɡɾˈʊp ʋˈaːɪz kʰˈeːltˌeː tʰeː hˌəm lˈoːɡ tˈoː kˈaːfi ˈʌcʰcʰaː pɾətˈiːt hˈoːtaː tʰaː
wavs/000138.wav,जिन सारे खेलों में एक दौड़ प्रतियोगिता भी शामिल थी,S4258203800376610,ɟˈɪn sˈaːɾeː kʰˈeːlõ mẽː ˈeːk dˈɔːr. pɾˌətɪjˈoːɡɪtˌaː bʰˈi ʃˈaːmɪl tʰi
wavs/000139.wav,तो ओ उस दौड़ प्रतियोगिता में भी हम बढ़ चढ़के भाग लेते थे इसके बाद जब इस्कूल से,S4258203800376610,tˈoː ˈoː ˈʊs dˈɔːr. pɾˌətɪjˈoːɡɪtˌaː mẽː bʰˈi hˌəm bˈʌr.h cˈʌr.həkˌeː bʰˈaːɡ lˈeːteː tʰeː ˈɪskˌeː bˈaːd ɟˈʌb ɪskˈuːl seː
wavs/000140.wav,घर आ जाते थे तो घर आने के थोड़ी देर के बाद,S4258203800376610,ɡʰˈʌɾ ˈaː ɟˈaːteː tʰeː tˈoː ɡʰˈʌɾ ˈaːneː keː tʰˈoːr.i dˈeːɾ keː bˈaːd
wavs/000141.wav,अपना भोजन ओजन किया और थोड़ा सा आराम किया इसके बाद जब फिर दोस्तों का ग्रुप,S4258203800376610,ˈʌpnˌaː bʰˈoːɟən ˈoːɟən kˈɪjaː ɔːɾ tʰˈoːr.aː sˈaː aːɾˈaːm kˈɪjaː ˈɪskˌeː bˈaːd ɟˈʌb pʰˈɪɾ dˈoːstõ kaː ɡɾˈʊp
wavs/000142.wav,तैयार हुआ कि चलो आओ कुछ खेल खेलते हैं चलकर तो कभी कभी गुल्ली डंडा,S4258203800376610,tɛːjˈaːɾ hˈʊaː kˈɪ cˈʌloː ˈaːoː kˈʊcʰ kʰˈeːl kʰˈeːltˌeː hɛ̃ cˈʌləkˌəɾ tˈoː kˈʌbʰi kˈʌbʰi ɡˈʊlli ɖˈʌɳɖaː
wavs/000143.wav,हॉकी इस टाइप के भी खेल खेलते थे लेकिन ये दौड़ वाला भी दौड़ वाली प्रतियोगिता का भी खेल रखा जाता था,S4258203800376610,hˈɔki ˈɪs ʈˈaːɪp keː bʰˈi kʰˈeːl kʰˈeːltˌeː tʰeː lˈeːkɪn jeː dˈɔːr. ʋˈaːlaː bʰˈi dˈɔːr. ʋˈaːli pɾˌətɪjˈoːɡɪtˌaː kaː bʰˈi kʰˈeːl ɾˈʌkʰaː ɟˈaːtaː tʰaː
wavs/000144.wav,तो उस समय भी मानक जैसा इस्कूल में बताया जाता था उसी तरह का मानक उस समय में भी हम लोग रखते थे,S4258203800376610,tˈoː ˈʊs sˈʌmˌɛj bʰˈi mˈaːnək ɟˈɛːsaː ɪskˈuːl mẽː bətˈaːjaː ɟˈaːtaː tʰaː ˈʊsi tˈʌɾəh kaː mˈaːnək ˈʊs sˈʌmˌɛj mẽː bʰˈi hˌəm lˈoːɡ ɾˈʌkʰtˌeː tʰeː
wavs/000145.wav,कि चलो ये ये दूरी तरक एक दूरी का मानक रख देते थे कि यहाँ से यहाँ तक की दूरी कौन सा ग्रुप कितने कम समय में तए कर लेगा,S4258203800376610,kˈɪ cˈʌloː jeː jeː dˈuːɾi tˈʌɾək ˈeːk dˈuːɾi kaː mˈaːnək ɾˈʌkʰ dˈeːteː tʰeː kˈɪ jˈʌhã seː jˈʌhã tˌək ki dˈuːɾi kˈɔːn sˈaː ɡɾˈʊp kˈɪtnˌeː kˈʌm sˈʌmˌɛj mẽː tˈʌeː kˈʌɾ lˈeːɡaː
wavs/000146.wav,तो चार प्लास पाँच पाँच लड़कों का ग्रुप होता था तो पहले एक ग्रुप की दौड़ होती थी तो वो वो देखा जाता था कितने समय में उस दूरी को तय किया इसके बाद में फिर,S4258203800376610,tˈoː cˈaːɾ plˈaːs pˈãnc pˈãnc lˈʌr.kˌõ kaː ɡɾˈʊp hˈoːtaː tʰaː tˈoː pˈʌhəlˌeː ˈeːk ɡɾˈʊp ki dˈɔːr. hˈoːti tʰi tˈoː ʋoː ʋoː dˈeːkʰaː ɟˈaːtaː tʰaː kˈɪtnˌeː sˈʌmˌɛj mẽː ˈʊs dˈuːɾi koː tˈʌɛj kˈɪjaː ˈɪskˌeː bˈaːd mẽː pʰˈɪɾ
wavs/000147.wav,दूसरा ग्रुप का नंबर आता था फिर उसी हिसाब से नम्बरिंग मिलती थी कि तुम्हारे ये फस क्लास दौड़ में आया ये सेकेन्ड क्लास आया ये थर्ड क्लास आए,S4258203800376610,dˈuːsɾˌaː ɡɾˈʊp kaː nˈʌmbəɾ ˈaːtaː tʰaː pʰˈɪɾ ˈʊsi hɪsˈaːb seː nˌəmbəɾˈĩɡ mˈɪltˌi tʰi kˈɪ tʊmhˌaːɾeː jeː pʰˈʌs klˈaːs dˈɔːr. mẽː ˈaːjaː jeː seːkˈeːnɖ klˈaːs ˈaːjaː jeː tʰˈʌɾɖ klˈaːs ˈaːeː
wavs/000148.wav,इस तरह से जो है मानक दिया जाता था तो फिर दूसरी बार में फिर प्रतियोगिता रखी जाती थी कि अब तो जो कमियाँ रह जाती थीं,S4258203800376610,ˈɪs tˈʌɾəh seː ɟˈoː hɛː mˈaːnək dˈɪjaː ɟˈaːtaː tʰaː tˈoː pʰˈɪɾ dˈuːsɾˌi bˈaːɾ mẽː pʰˈɪɾ pɾˌətɪjˈoːɡɪtˌaː ɾˈʌkʰi ɟˈaːti tʰi kˈɪ ˈʌb tˈoː ɟˈoː kˈʌmɪjˌã ɾˈʌh ɟˈaːti tʰĩ
wavs/000149.wav,ये कि पिछली बार दौड़े तो अच्छा नहीं हम दौड़ पाए ये हमसे अच्छा दौड़ गए हम अबकी बार इनसे अच्छा दौड़ेंगे,S4258203800376610,jeː kˈɪ pˈɪcʰlˌi bˈaːɾ dˈɔːr.eː tˈoː ˈʌcʰcʰaː nˈʌhĩ hˌəm dˈɔːr. pˈaːeː jeː hˈʌmsˌeː ˈʌcʰcʰaː dˈɔːr. ɡˈʌeː hˌəm ˈʌbkˌi bˈaːɾ ˈɪnsˌeː ˈʌcʰcʰaː dɔːr.ˈẽːɡeː
wavs/000150.wav,ऐसा एक साेच और उत्साह अपने मन में पुनः फिर आता था कि चलो दूसरी बार प्रतियोगिता रखो अबकी बार से फिर से दौड़ लगासे हैं लगाते हैं तो फिर दूसरी बार प्रतियोगिता रखी जाती थी उसमें भी दौड़ लगाते थे हम लोग,S4258203800376610,ˈɛːsaː ˈeːk saːʰχˈeːc ɔːɾ ʊtsˈaːh ˈʌpnˌeː mˈʌn mẽː pˈʊnəh pʰˈɪɾ ˈaːtaː tʰaː kˈɪ cˈʌloː dˈuːsɾˌi bˈaːɾ pɾˌətɪjˈoːɡɪtˌaː ɾˈʌkʰoː ˈʌbkˌi bˈaːɾ seː pʰˈɪɾ seː dˈɔːr. ləɡˈaːseː hɛ̃ ləɡˈaːteː hɛ̃ tˈoː pʰˈɪɾ dˈuːsɾˌi bˈaːɾ pɾˌətɪjˈoːɡɪtˌaː ɾˈʌkʰi ɟˈaːti tʰi ˈʊsmˌẽː bʰˈi dˈɔːr. ləɡˈaːteː tʰeː hˌəm lˈoːɡ
wavs/000151.wav,तो ओ ये दौड़ लगाना भी इससे शरीर का काफ़ी व्यायाम हो जाता था,S4258203800376610,tˈoː ˈoː jeː dˈɔːr. ləɡˈaːnaː bʰˈi ˈɪssˌeː ʃəɾˈiːɾ kaː kˈaːfi ʋjaːjˈaːm hoː ɟˈaːtaː tʰaː
wavs/000152.wav,और इतना बढ़िया सा थोड़ा सा थकान भी आ जाता था तो जिससे जब आते थे घर पे तो ओ नाश्ता व करते थे या भोजन प्राप्त करते थे तो बहुत ही अच्छा महसूस होता था उसको अच्छी तरह से करते भी थे,S4258203800376610,ɔːɾ ˈɪtnˌaː bˈʌr.hɪjˌaː sˈaː tʰˈoːr.aː sˈaː tʰəkˈaːn bʰˈi ˈaː ɟˈaːtaː tʰaː tˈoː ɟˈɪssˌeː ɟˈʌb ˈaːteː tʰeː ɡʰˈʌɾ pˈeː tˈoː ˈoː nˈaːʃtaː ʋˈə kˈʌɾtˌeː tʰeː jˈaː bʰˈoːɟən pɾˈaːpt kˈʌɾtˌeː tʰeː tˈoː bˈʌhʊt hˈi ˈʌcʰcʰaː mˌəhəsˈuːs hˈoːtaː tʰaː ˈʊskˌoː ˈʌcʰcʰi tˈʌɾəh seː kˈʌɾtˌeː bʰˈi tʰeː
wavs/000153.wav,और ठीक तरीके से पाचन क्रिया भी ठीक तरीके से होती थी तो,S4258203800376610,ɔːɾ ʈʰˈiːk təɾˈiːkeː seː pˈaːcən kɾˈɪjaː bʰˈi ʈʰˈiːk təɾˈiːkeː seː hˈoːti tʰi tˈoː
wavs/000154.wav,जैसा कि पिता जी वगैरह भी बताया करते थे कि दौड़ का जो है अपने जीवन में बहुत ही,S4258203800376610,ɟˈɛːsaː kˈɪ pˈɪtaː ɟˈi ʋəɡˈɛːɾəh bʰˈi bətˈaːjaː kˈʌɾtˌeː tʰeː kˈɪ dˈɔːr. kaː ɟˈoː hɛː ˈʌpnˌeː ɟˈiːʋən mẽː bˈʌhʊt hˈi
wavs/000155.wav,महत्वपूर्ण ऊ भूमिका रहती है दौड़ने से शरीर की जितनी भी कोशिकाएँ हैं उनमें खून का संचार ठीक से हो जाता है और खून का दौरान अच्छी तरह से हो जाता है,S4258203800376610,mˌəhətʋəpˈuːrɳə ˈu bʰˈuːmɪkˌaː ɾˈʌhətˌi hɛː dˈɔːr.nˌeː seː ʃəɾˈiːɾ ki ɟˈɪtnˌi bʰˈi kˌoːʃɪkˈaːj hɛ̃ ˈʊnmˌẽː kʰˈuːn kaː səɲcˈaːɾ ʈʰˈiːk seː hoː ɟˈaːtaː hɛː ɔːɾ kʰˈuːn kaː dɔːɾˈaːn ˈʌcʰcʰi tˈʌɾəh seː hoː ɟˈaːtaː hɛː
wavs/000156.wav,और शरीर में जो है चुस्ती और फ़ुर्ती आती है इसलिए दौड़ भी करना हमारे जीवन में बहुत ही उपयोगी और अच्छी चीज है,S4258203800376610,ɔːɾ ʃəɾˈiːɾ mẽː ɟˈoː hɛː cˈʊsti ɔːɾ fˈʊɾti ˈaːti hɛː ˈɪslˌɪeː dˈɔːr. bʰˈi kˈʌɾnˌaː həmˌaːɾeː ɟˈiːʋən mẽː bˈʌhʊt hˈi ˌʊpjˈoːɡi ɔːɾ ˈʌcʰcʰi cˈiːɟ hɛː
wavs/000157.wav,इसलिए दौड़ भी करते थे और आप इसी तरह से,S4258203800376610,ˈɪslˌɪeː dˈɔːr. bʰˈi kˈʌɾtˌeː tʰeː ɔːɾ ˌaːp ˈɪsi tˈʌɾəh seː
wavs/000158.wav,काफ़ी कई बार ऐसा समय आया कि दौड़ ओ करें,S4258203800376610,kˈaːfi kˈʌi bˈaːɾ ˈɛːsaː sˈʌmˌɛj ˈaːjaː kˈɪ dˈɔːr. ˈoː kˈʌɾẽː
wavs/000159.wav,तो ऐसा जब भी सुअवसर प्राप्त होता था कि कबड्डी हो रही है या दौड़ की प्रतियोगिता हो रही है तो उसमें हम भाग जरूर लेते थे,S4258203800376610,tˈoː ˈɛːsaː ɟˈʌb bʰˈi sˈʊəʋˌəsəɾ pɾˈaːpt hˈoːtaː tʰaː kˈɪ kəbˈʌɖɖi hoː ɾˌəhi hɛː jˈaː dˈɔːr. ki pɾˌətɪjˈoːɡɪtˌaː hoː ɾˌəhi hɛː tˈoː ˈʊsmˌẽː hˌəm bʰˈaːɡ ɟəɾˈuːɾ lˈeːteː tʰeː
wavs/000160.wav,और यही समझकर भाग लेते थे कि ये जैसा कि पहले बताया गया कि दौड़ से कितने कितने फ़ायदे हैं यही सब सोचकर के,S4258203800376610,ɔːɾ jˈʌhi sˈʌməɟʰˌəkəɾ bʰˈaːɡ lˈeːteː tʰeː kˈɪ jeː ɟˈɛːsaː kˈɪ pˈʌhəlˌeː bətˈaːjaː ɡˈʌjaː kˈɪ dˈɔːr. seː kˈɪtnˌeː kˈɪtnˌeː fˈaːjdˌeː hɛ̃ jˈʌhi sˈʌb sˈoːcəkˌəɾ keː
wavs/000161.wav,भाग लिया लेते थे,S4258203800376610,bʰˈaːɡ lˈɪjaː lˈeːteː tʰeː
wavs/000162.wav,जी हाँ मुझे,S4258203800376610,ɟˈi hˈã mˌʊɟʰeː
wavs/000163.wav,पक्षियों के की सबसे अच्छी हरकत वो अच्छी लगती है कि जिस समय,S4258203800376610,pˈʌkʃɪjˌõ keː ki sˈʌbsˌeː ˈʌcʰcʰi hˈʌɾəkˌət ʋoː ˈʌcʰcʰi lˈʌɡtˌi hɛː kˈɪ ɟˈɪs sˈʌmˌɛj
wavs/000164.wav,दो पक्षी आपस में प्रेमालाप कर रहे होते हैं चोंच से चोंच लड़ाए होते हैं और ठीक से उछल कदमी कर रहे होते हैं ये दृश्य देखने में हमको काफ़ी अच्छा लगता है जिसमें से,S4258203800376610,dˈoː pˈʌkʃi ˈaːpəs mẽː pɾˌeːmaːlˈaːp kˈʌɾ ɾˌəheː hˈoːteː hɛ̃ cˈõc seː cˈõc lər.ˈaːeː hˈoːteː hɛ̃ ɔːɾ ʈʰˈiːk seː ˈʊcʰəl kˈʌdmˌi kˈʌɾ ɾˌəheː hˈoːteː hɛ̃ jeː dɾˈɪʃjə dˈeːkʰnˌeː mẽː hˈʌmkˌoː kˈaːfi ˈʌcʰcʰaː lˈʌɡtˌaː hɛː ɟˈɪsmˌẽː seː
wavs/000165.wav,खास करके वो दृश्य हमें बहुत ही अच्छा लगता है जब मोर,S4258203800376610,kʰˈaːs kˈʌɾkˌeː ʋoː dɾˈɪʃjə hˈʌmẽː bˈʌhʊt hˈi ˈʌcʰcʰaː lˈʌɡtˌaː hɛː ɟˈʌb mˈoːɾ
wavs/000166.wav,अपनी आवाज लगाता है और बरसात के,S4258203800376610,ˈʌpnˌi aːʋˈaːɟ ləɡˈaːtaː hɛː ɔːɾ bˌəɾsˈaːt keː
wavs/000167.wav,का मौसम चारों तरफ से लताएँ घिरी हो और मोर जब नृत्य करता है नाचता है जब बगीचे में तो हमको बहुत ही अच्छा लगता है,S4258203800376610,kaː mˈɔːsəm cˈaːɾõ tˈʌɾəpʰ seː lətˈaːj ɡʰˈɪɾi hoː ɔːɾ mˈoːɾ ɟˈʌb nɾˈɪtːjə kˈʌɾtˌaː hɛː nˈaːctˌaː hɛː ɟˈʌb bəɡˈiːceː mẽː tˈoː hˈʌmkˌoː bˈʌhʊt hˈi ˈʌcʰcʰaː lˈʌɡtˌaː hɛː
wavs/000168.wav,और घोंसला भी पक्षी जिस ढ़ंग से बनाते हैं एक एक तिनका एक एक,S4258203800376610,ɔːɾ ɡʰˈõslˌaː bʰˈi pˈʌkʃi ɟˈɪs r.hˈʌŋɡ seː bənˈaːteː hɛ̃ ˈeːk ˈeːk tˈɪnkˌaː ˈeːk ˈeːk
wavs/000169.wav,पत्ती ला करके उसको सही ढंग से बनाते हैं उस घोंसले को भी,S4258203800376610,pˈʌtːi lˈaː kˈʌɾkˌeː ˈʊskˌoː sˈʌhi ɖʰˈʌŋɡ seː bənˈaːteː hɛ̃ ˈʊs ɡʰˈõslˌeː koː bʰˈi
wavs/000170.wav,हम अच्छी तरह से जब देखते हैं तो हमको काफ़ी जो है अच्छा लगता है,S4258203800376610,hˌəm ˈʌcʰcʰi tˈʌɾəh seː ɟˈʌb dˈeːkʰtˌeː hɛ̃ tˈoː hˈʌmkˌoː kˈaːfi ɟˈoː hɛː ˈʌcʰcʰaː lˈʌɡtˌaː hɛː
wavs/000171.wav,और खास करके जब पक्षी,S4258203800376610,ɔːɾ kʰˈaːs kˈʌɾkˌeː ɟˈʌb pˈʌkʃi
wavs/000172.wav,एक एक तिनका एक एक पत्ती ला करके किसी पेड़ की बहुत ही ऊँची डाल पे जहाँ पे कोई भी व्यक्ति,S4258203800376610,ˈeːk ˈeːk tˈɪnkˌaː ˈeːk ˈeːk pˈʌtːi lˈaː kˈʌɾkˌeː kˈɪsi pˈeːr. ki bˈʌhʊt hˈi ˈunci ɖˈaːl pˈeː ɟˈʌhã pˈeː kˈoːi bʰˈi ʋjˈʌktɪ
wavs/000173.wav,ठीक से न पहुँच सके उतनी दूरी पर बहुत सी पतली शाखा पर,S4258203800376610,ʈʰˈiːk seː nˈə pəhˈũnc sˈʌkeː ˈʊtnˌi dˈuːɾi pˈʌɾ bˈʌhʊt sˈi pˈʌtlˌi ʃˈaːkʰaː pˈʌɾ
wavs/000174.wav,और बहुत ही ऊँचाई पर अपना घोंसला बनाते हैं,S4258203800376610,ɔːɾ bˈʌhʊt hˈi uncˈaːi pˈʌɾ ˈʌpnˌaː ɡʰˈõslˌaː bənˈaːteː hɛ̃
wavs/000175.wav,उस घोंसलें को बनाते हुए हमें देखते हैं तो हमें बहुत ही अच्छा प्रतीत होता है,S4258203800376610,ˈʊs ɡʰˈõslˌẽː koː bənˈaːteː hˈʊeː hˈʌmẽː dˈeːkʰtˌeː hɛ̃ tˈoː hˈʌmẽː bˈʌhʊt hˈi ˈʌcʰcʰaː pɾətˈiːt hˈoːtaː hɛː
wavs/000176.wav,और खास करके पक्षियों में जो होता है तीतर तो तीतर,S4258203800376610,ɔːɾ kʰˈaːs kˈʌɾkˌeː pˈʌkʃɪjˌõ mẽː ɟˈoː hˈoːtaː hɛː tˈiːtəɾ tˈoː tˈiːtəɾ
wavs/000177.wav,जब हम कभी कोई कोई गाँव देहात का छोटा मोटा मेला होता है उसमें जब भी हम गए हैं हमारे पड़ोस में मेला लगता है उस मेले में जब भी हम जाते हैं तो वहाँ पे तीतर की लड़ाई को दिखाते हैं,S4258203800376610,ɟˈʌb hˌəm kˈʌbʰi kˈoːi kˈoːi ɡˈãnʋ deːhˈaːt kaː cʰˈoːʈaː mˈoːʈaː mˈeːlaː hˈoːtaː hɛː ˈʊsmˌẽː ɟˈʌb bʰˈi hˌəm ɡˈʌeː hɛ̃ həmˌaːɾeː pər.ˈoːs mẽː mˈeːlaː lˈʌɡtˌaː hɛː ˈʊs mˈeːleː mẽː ɟˈʌb bʰˈi hˌəm ɟˈaːteː hɛ̃ tˈoː ʋˈʌhã pˈeː tˈiːtəɾ ki lər.ˈaːi koː dɪkʰˈaːteː hɛ̃
wavs/000178.wav,तो दो व्यक्ति होते हैं अपने अलग अलग तीतर को लिए हुए होते हैं और अपने अपने जो है वो पेड़ में बंद किए हो हो किए होते हैं और पूरी जनता जनार्दन वहाँ पे इकठ्ठा होता है मेला होता ही है तो भीड़ हो ही जाती है,S4258203800376610,tˈoː dˈoː ʋjˈʌktɪ hˈoːteː hɛ̃ ˈʌpnˌeː ˈʌləɡ ˈʌləɡ tˈiːtəɾ koː lˈɪeː hˈʊeː hˈoːteː hɛ̃ ɔːɾ ˈʌpnˌeː ˈʌpnˌeː ɟˈoː hɛː ʋoː pˈeːr. mẽː bˈʌnd kˈɪeː hoː hoː kˈɪeː hˈoːteː hɛ̃ ɔːɾ pˈuːɾi ɟˈʌntˌaː ɟənˈaːɾdən ʋˈʌhã pˈeː ɪkˈʌʈʰʈʰaː hˈoːtaː hɛː mˈeːlaː hˈoːtaː hˈi hɛː tˈoː bʰˈiːr. hoː hˈi ɟˈaːti hɛː
wavs/000179.wav,तो उसी में ओ जो है दोनों पक्षियों को वो उधर से अपने घोंसले से छोड़ते हैं और दूसरे लोग उधर से अपने घोंसले से छोड़ते हैं,S4258203800376610,tˈoː ˈʊsi mẽː ˈoː ɟˈoː hɛː dˈoːnõ pˈʌkʃɪjˌõ koː ʋoː ˈʊdʰəɾ seː ˈʌpnˌeː ɡʰˈõslˌeː seː cʰˈoːr.tˌeː hɛ̃ ɔːɾ dˈuːsɾˌeː lˈoːɡ ˈʊdʰəɾ seː ˈʌpnˌeː ɡʰˈõslˌeː seː cʰˈoːr.tˌeː hɛ̃
wavs/000180.wav,फिर दोनों में जो है खूब लड़ाई होती है उन्हीं के साथ में तीतरों के साथ में तितरिया भी होती है तितरिया को पिंजड़े में बंद कर देते हैं अपन बंद रहती है एक ही पिंजड़े में दो भाग होते है एक तरफ तीतर होता है एक तरफ तीतर तीतरी होती है तो तीतर लड़ने के लिए आता है जिसकी जो कि उसकी तीतर होती है मादा पक्षी जो होता है वो उसको उसका हौंसला बढ़ाता है,S4258203800376610,pʰˈɪɾ dˈoːnõ mẽː ɟˈoː hɛː kʰˈuːb lər.ˈaːi hˈoːti hɛː ˈʊnhĩ keː sˈaːtʰ mẽː tˈiːtɾˌõ keː sˈaːtʰ mẽː tˈɪtɾˌɪjaː bʰˈi hˈoːti hɛː tˈɪtɾˌɪjaː koː pˈĩɟr.ˌeː mẽː bˈʌnd kˈʌɾ dˈeːteː hɛ̃ ˈʌpən bˈʌnd ɾˈʌhətˌi hɛː ˈeːk hˈi pˈĩɟr.ˌeː mẽː dˈoː bʰˈaːɡ hˈoːteː hɛː ˈeːk tˈʌɾəpʰ tˈiːtəɾ hˈoːtaː hɛː ˈeːk tˈʌɾəpʰ tˈiːtəɾ tˈiːtɾˌi hˈoːti hɛː tˈoː tˈiːtəɾ lˈʌr.nˌeː keː lˈɪeː ˈaːtaː hɛː ɟˈɪskˌi ɟˈoː kˈɪ ˌʊskˌi tˈiːtəɾ hˈoːti hɛː mˈaːdaː pˈʌkʃi ɟˈoː hˈoːtaː hɛː ʋoː ˈʊskˌoː ˌʊskˌaː hˈɔ̃slˌaː bər.hˈaːtaː hɛː
wavs/000181.wav,जब वो नर पक्षी,S4258203800376610,ɟˈʌb ʋoː nˈʌɾ pˈʌkʃi
wavs/000182.wav,दोनों तीतर आपस में जोश परोस के साथ भिड़ते हैं लड़ युद्ध करते हैं उसमें उनकी जो मादा पक्षी होती है वो अपने घोंसले से ही,S4258203800376610,dˈoːnõ tˈiːtəɾ ˈaːpəs mẽː ɟˈoːʃ pəɾˈoːs keː sˈaːtʰ bʰˈɪr.tˌeː hɛ̃ lˈʌr. jˈʊdʰː kˈʌɾtˌeː hɛ̃ ˈʊsmˌẽː ˌʊnkˌi ɟˈoː mˈaːdaː pˈʌkʃi hˈoːti hɛː ʋoː ˈʌpnˌeː ɡʰˈõslˌeː seː hˈi
wavs/000183.wav,अपने नर पक्षी को का हौंसला अफजाई करती है तो ये दृश्य देखते हुए हमें काफ़ी अच्छा प्रतीत होता है,S4258203800376610,ˈʌpnˌeː nˈʌɾ pˈʌkʃi koː kaː hˈɔ̃slˌaː ˌʌpʰɟˈaːi kˈʌɾtˌi hɛː tˈoː jeː dɾˈɪʃjə dˈeːkʰtˌeː hˈʊeː hˈʌmẽː kˈaːfi ˈʌcʰcʰaː pɾətˈiːt hˈoːtaː hɛː
wavs/000184.wav,ऐसा लगता है कि मेले में और कुछ हम देखे या न देखे लेकिन ये तीतर की जो है लड़ाई को हम अवश्य देखें,S4258203800376610,ˈɛːsaː lˈʌɡtˌaː hɛː kˈɪ mˈeːleː mẽː ɔːɾ kˈʊcʰ hˌəm dˈeːkʰeː jˈaː nˈə dˈeːkʰeː lˈeːkɪn jeː tˈiːtəɾ ki ɟˈoː hɛː lər.ˈaːi koː hˌəm ʌʋˈʌʃjə dˈeːkʰẽː
wavs/000185.wav,और खास करके हमें,S4258203800376610,ɔːɾ kʰˈaːs kˈʌɾkˌeː hˈʌmẽː
wavs/000186.wav,मोर का,S4258203800376610,mˈoːɾ kaː
wavs/000187.wav,नृत्य भी बहुत ही,S4258203800376610,nɾˈɪtːjə bʰˈi bˈʌhʊt hˈi
wavs/000188.wav,अच्छा लगता है,S4258203800376610,ˈʌcʰcʰaː lˈʌɡtˌaː hɛː
wavs/000189.wav,और उसी पक्षियों में जो एक होती है कोयल,S4258203800376610,ɔːɾ ˈʊsi pˈʌkʃɪjˌõ mẽː ɟˈoː ˈeːk hˈoːti hɛː kˈoːjəl
wavs/000190.wav,तो कोयल की जब आवाज,S4258203800376610,tˈoː kˈoːjəl ki ɟˈʌb aːʋˈaːɟ
wavs/000191.wav,कान में गूंजती है तो बहुत ही अच्छा प्रतीत होता है एक अच्छे मौसम का अहसास होता है,S4258203800376610,kˈaːn mẽː ɡˈũɟtˌi hɛː tˈoː bˈʌhʊt hˈi ˈʌcʰcʰaː pɾətˈiːt hˈoːtaː hɛː ˈeːk ˈʌcʰcʰeː mˈɔːsəm kaː ˌɛhəsˈaːs hˈoːtaː hɛː
wavs/000192.wav,और ये लगता है कि अब जो है आम का,S4258203800376610,ɔːɾ jeː lˈʌɡtˌaː hɛː kˈɪ ˈʌb ɟˈoː hɛː ˈaːm kaː
wavs/000193.wav,सीजन आ गया,S4258203800376610,sˈiːɟən ˈaː ɡˈʌjaː
wavs/000194.wav,आम का सीजन ठीक ढंग से आया है या नहीं आया है इससे हमें इस चीज की जानकारी ठीक से हमें कोयल,S4258203800376610,ˈaːm kaː sˈiːɟən ʈʰˈiːk ɖʰˈʌŋɡ seː ˈaːjaː hɛː jˈaː nˈʌhĩ ˈaːjaː hɛː ˈɪssˌeː hˈʌmẽː ˈɪs cˈiːɟ ki ɟˌaːnkˈaːɾi ʈʰˈiːk seː hˈʌmẽː kˈoːjəl
wavs/000195.wav,पक्षी से ही,S4258203800376610,pˈʌkʃi seː hˈi
wavs/000196.wav,प्रतीत होता है,S4258203800376610,pɾətˈiːt hˈoːtaː hɛː
wavs/000197.wav,और,S4258203800376610,ˈɔːɾ
wavs/000198.wav,कौए,S4258203800376610,kˈɔːeː
wavs/000199.wav,कौआ का भी पक्षी भी हमें ठीक लगता है,S4258203800376610,kˈɔːaː kaː bʰˈi pˈʌkʃi bʰˈi hˈʌmẽː ʈʰˈiːk lˈʌɡtˌaː hɛː
wavs/000200.wav,क्योंकि वो जब कभी कई कौए इकट्ठा हो करके कांव कांव करते हैं तो उससे जो है,S4258203800376610,kːjˈõkɪ ʋoː ɟˈʌb kˈʌbʰi kˈʌi kˈɔːeː ɪkˈʌʈʰʈʰaː hoː kˈʌɾkˌeː kˈãʋ kˈãʋ kˈʌɾtˌeː hɛ̃ tˈoː ˈʊssˌeː ɟˈoː hɛː
wavs/000201.wav,कुछ सही तरीके का अहसास वो दिलाते हैं कि जब वहाँ पे पहुँचों तो लगता है कि हाँ कोई चीज ऐसी है वो ये बता रहे हैं अपनी मूक भाषा में,S4258203800376610,kˈʊcʰ sˈʌhi təɾˈiːkeː kaː ˌɛhəsˈaːs ʋoː dɪlˈaːteː hɛ̃ kˈɪ ɟˈʌb ʋˈʌhã pˈeː pəhˈũncõ tˈoː lˈʌɡtˌaː hɛː kˈɪ hˈã kˈoːi cˈiːɟ ˈɛːsi hɛː ʋoː jeː bˈʌtaː ɾˌəheː hɛ̃ ˈʌpnˌi mˈuːk bʰˈaːʂaː mˈẽː
wavs/000202.wav,और जब वहाँ पे नजदीक में पहुँचों तब पता लगता है कि हाँ कुछ यही चीज देखो ये बता रहे थे जो वहाँ पे देखने को दृश्य मिलता है,S4258203800376610,ɔːɾ ɟˈʌb ʋˈʌhã pˈeː nˌəɟdˈiːk mẽː pəhˈũncõ tˈʌb pˈʌtaː lˈʌɡtˌaː hɛː kˈɪ hˈã kˈʊcʰ jˈʌhi cˈiːɟ dˈeːkʰoː jeː bˈʌtaː ɾˌəheː tʰeː ɟˈoː ʋˈʌhã pˈeː dˈeːkʰnˌeː koː dɾˈɪʃjə mˈɪltˌaː hɛː
wavs/000203.wav,हाँ और पेड़ लगाने के बारे में हम लोगों के गाँव के लोग ने गाँव के लोगों ने ठीक ठाक पहल की है वृक्षारोपण करते हैं लोग और पर्यावरण दिवस जिस दिन होता है उस दिन हमारे पूरे गाँव के लोग और इस्कूल के भी बच्चे,S4258203800376610,hˈã ɔːɾ pˈeːr. ləɡˈaːneː keː bˈaːɾeː mẽː hˌəm lˈoːɡõ keː ɡˈãnʋ keː lˈoːɡ nˈeː ɡˈãnʋ keː lˈoːɡõ nˈeː ʈʰˈiːk ʈʰˈaːk pˈʌhəl ki hɛː ʋɾˌɪkʃaːɾˈoːpəɳ kˈʌɾtˌeː hɛ̃ lˈoːɡ ɔːɾ pərjˈaːʋəɾˌəɳ dˈɪʋəs ɟˈɪs dˈɪn hˈoːtaː hɛː ˈʊs dˈɪn həmˌaːɾeː pˈuːɾeː ɡˈãnʋ keː lˈoːɡ ɔːɾ ɪskˈuːl keː bʰˈi bˈʌcːeː
wavs/000204.wav,साथ में सम्मिलित होते हैं कि वृक्षारोपण करना बहुत ही आवश्यक है वृक्ष को वृक्ष हमें जो है अच्छी ऑक्सीजन देते हैं और वातावरण जो है वृक्ष से सही रहता है,S4258203800376610,sˈaːtʰ mẽː sˈʌmmɪlˌɪt hˈoːteː hɛ̃ kˈɪ ʋɾˌɪkʃaːɾˈoːpəɳ kˈʌɾnˌaː bˈʌhʊt hˈi aːʋˈʌʃjək hɛː ʋɾˈɪkʃ koː ʋɾˈɪkʃ hˈʌmẽː ɟˈoː hɛː ˈʌcʰcʰi ɔksˈiːɟən dˈeːteː hɛ̃ ɔːɾ ʋaːtˈaːʋəɾˌəɳ ɟˈoː hɛː ʋɾˈɪkʃ seː sˈʌhi ɾˈʌhətˌaː hɛː
wavs/000205.wav,और वृक्ष हमें हमारे जीवन में बहुत ही उपयोगी हैं हमें वृक्षों से फल मिलता है हमें वृक्ष से ही जीवन सही तरीके से संचालन का एक माध्यम पेड़ ही है,S4258203800376610,ɔːɾ ʋɾˈɪkʃ hˈʌmẽː həmˌaːɾeː ɟˈiːʋən mẽː bˈʌhʊt hˈi ˌʊpjˈoːɡi hɛ̃ hˈʌmẽː ʋɾˈɪkʃõ seː pʰˈʌl mˈɪltˌaː hɛː hˈʌmẽː ʋɾˈɪkʃ seː hˈi ɟˈiːʋən sˈʌhi təɾˈiːkeː seː səɲcˈaːlən kaː ˈeːk mˈaːdʰjəm pˈeːr. hˈi hɛː
wavs/000206.wav,और रह गई पेड़ काटने की बात तो पेड़ों को काटना नहीं चाहिए,S4258203800376610,ɔːɾ ɾˈʌh ɡˈʌi pˈeːr. kˈaːʈnˌeː ki bˈaːt tˈoː pˈeːr.õ koː kˈaːʈnˌaː nˈʌhĩ cˈaːhɪˌeː
wavs/000207.wav,पेड़ों के कटने से ही जैसे पेड़ अधिक कटते चले जा रहे हैं तो उससे पर्यावरण काफ़ी प्रभावित हो रहा है,S4258203800376610,pˈeːr.õ keː kˈʌʈnˌeː seː hˈi ɟˈɛːseː pˈeːr. ˈʌdʰɪk kˈʌʈtˌeː cˈʌleː ɟˈaː ɾˌəheː hɛ̃ tˈoː ˈʊssˌeː pərjˈaːʋəɾˌəɳ kˈaːfi pɾəbʰˈaːʋɪt hoː ɾˌəhaː hɛː
wavs/000208.wav,काफ़ी गरम बढ़ रही है और समय से बरसात नहीं हो रही है,S4258203800376610,kˈaːfi ɡˈʌɾəm bˈʌr.h ɾˌəhi hɛː ɔːɾ sˈʌmˌɛj seː bˌəɾsˈaːt nˈʌhĩ hoː ɾˌəhi hɛː
wavs/000209.wav,और पेड़ जब सही मात्रा में पहले थे लोग भी कहते हैं यही चीज कि जब पेड़ पौधे कटते नहीं थे,S4258203800376610,ɔːɾ pˈeːr. ɟˈʌb sˈʌhi mˈaːtɾaː mẽː pˈʌhəlˌeː tʰeː lˈoːɡ bʰˈi kˈʌhətˌeː hɛ̃ jˈʌhi cˈiːɟ kˈɪ ɟˈʌb pˈeːr. pˈɔːdʰeː kˈʌʈtˌeː nˈʌhĩ tʰeː
wavs/000210.wav,पेड़ों की और बागों की अधिकता थी तो समय से बरसात होती थी समय से गर्मी होती थी,S4258203800376610,pˈeːr.õ ki ɔːɾ bˈaːɡõ ki ˈʌdʰɪktaː tʰi tˈoː sˈʌmˌɛj seː bˌəɾsˈaːt hˈoːti tʰi sˈʌmˌɛj seː ɡˈʌrmi hˈoːti tʰi
wavs/000211.wav,और अब तो सब बेसमय हो रहा है तो ये पर्यावरण का बदलाव यदि हो रहा है तो सिर्फ पेड़ के कटने से ही हो रहा है,S4258203800376610,ɔːɾ ˈʌb tˈoː sˈʌb bˈeːsəmɛj hoː ɾˌəhaː hɛː tˈoː jeː pərjˈaːʋəɾˌəɳ kaː bˌədlˈaːʋ jˌədɪ hoː ɾˌəhaː hɛː tˈoː sˈɪɾpʰ pˈeːr. keː kˈʌʈnˌeː seː hˈi hoː ɾˌəhaː hɛː
wavs/000212.wav,और जैसे कुछ समय पहले हम अभी डायनासोर प्रदर्शनी देखने गए थे तो उसमें यही चीज दिखा रहे थे कि पहले से कितनी जातियाँ थी वो वो जो है जातियां अब जो है पशुओं की पक्षियों की विलुप्त हो रही हैं,S4258203800376610,ɔːɾ ɟˈɛːseː kˈʊcʰ sˈʌmˌɛj pˈʌhəlˌeː hˌəm ˈʌbʰi ɖˌaːjnaːsˈoːɾ pɾədˈʌrʃənˌi dˈeːkʰnˌeː ɡˈʌeː tʰeː tˈoː ˈʊsmˌẽː jˈʌhi cˈiːɟ dˈɪkʰaː ɾˌəheː tʰeː kˈɪ pˈʌhəlˌeː seː kˈɪtnˌi ɟˈaːtɪjˌã tʰi ʋoː ʋoː ɟˈoː hɛː ɟˈaːtɪjˌã ˈʌb ɟˈoː hɛː pˈʌʃʊˌõ ki pˈʌkʃɪjˌõ ki ʋɪlˈʊpt hoː ɾˌəhi hɛ̃
wavs/000213.wav,और तो ये पर्यावरण का बदलाव हो रहा है पर्यावरण का बदलाव यदि हो रहा है तो उसमें सबसे महत्वपूर्ण भूमिका जो हैं वृक्ष रखते हैं,S4258203800376610,ɔːɾ tˈoː jeː pərjˈaːʋəɾˌəɳ kaː bˌədlˈaːʋ hoː ɾˌəhaː hɛː pərjˈaːʋəɾˌəɳ kaː bˌədlˈaːʋ jˌədɪ hoː ɾˌəhaː hɛː tˈoː ˈʊsmˌẽː sˈʌbsˌeː mˌəhətʋəpˈuːrɳə bʰˈuːmɪkˌaː ɟˈoː hɛ̃ ʋɾˈɪkʃ ɾˈʌkʰtˌeː hɛ̃
wavs/000214.wav,और वृक्षों के कट जाने से ही कभी कभी पता लगता है कि फलाने शहर में तेंदुआ शेर आ गया तो तेंदुआ शेर क्यों आ गया जब जंगल कटते चले जा रहे हैं पेड़ पौधे कटते चले जा रहे हैं तो यदि कोई जानवर या पशु है तो उसका भी पृथ्वी पर रहने का जन्मसिद्ध अधिकार है तो यदि उनके हिसाब से वातावरण नहीं होगा तो वो कैसे रहेंगे,S4258203800376610,ɔːɾ ʋɾˈɪkʃõ keː kˈʌʈ ɟˈaːneː seː hˈi kˈʌbʰi kˈʌbʰi pˈʌtaː lˈʌɡtˌaː hɛː kˈɪ pʰəlˈaːneː ʃˈʌhəɾ mẽː tˈẽːdʊˌaː ʃˈeːɾ ˈaː ɡˈʌjaː tˈoː tˈẽːdʊˌaː ʃˈeːɾ kːjˈõ ˈaː ɡˈʌjaː ɟˈʌb ɟˈʌŋɡəl kˈʌʈtˌeː cˈʌleː ɟˈaː ɾˌəheː hɛ̃ pˈeːr. pˈɔːdʰeː kˈʌʈtˌeː cˈʌleː ɟˈaː ɾˌəheː hɛ̃ tˈoː jˌədɪ kˈoːi ɟˈaːnəʋˌəɾ jˈaː pˈʌʃʊ hɛː tˈoː ˌʊskˌaː bʰˈi pɾˈɪtʰʋi pˈʌɾ ɾˈʌhənˌeː kaː ɟˌənməsˈɪdʰː ˌʌdʰɪkˈaːɾ hɛː tˈoː jˌədɪ ˌʊnkˌeː hɪsˈaːb seː ʋaːtˈaːʋəɾˌəɳ nˈʌhĩ hˈoːɡaː tˈoː ʋoː kˈɛːseː ɾəhˈẽːɡeː
wavs/000215.wav,और ये जो है पेड़ पौधे तो हमारे जीवन से इतना जुड़े हुए हैं कि पेड़ पौधे के वगैर जीवन ही नहीं संभव है इसलिए,S4258203800376610,ɔːɾ jeː ɟˈoː hɛː pˈeːr. pˈɔːdʰeː tˈoː həmˌaːɾeː ɟˈiːʋən seː ˈɪtnˌaː ɟˈʊr.eː hˈʊeː hɛ̃ kˈɪ pˈeːr. pˈɔːdʰeː keː ʋəɡˈɛːɾ ɟˈiːʋən hˈi nˈʌhĩ sˈʌmbʰəʋ hɛː ˈɪslˌɪeː
wavs/000216.wav,पेड़ को लगाना चाहिए और पेड़ लगाने के लिए दूसरों को प्रोत्साहन भी देना चाहिए और सहयोग भी करना चाहिए,S4258203800376610,pˈeːr. koː ləɡˈaːnaː cˈaːhɪˌeː ɔːɾ pˈeːr. ləɡˈaːneː keː lˈɪeː dˈuːsɾˌõ koː pɾˈoːtsaːhˌən bʰˈi dˈeːnaː cˈaːhɪˌeː ɔːɾ sˌəhəjˈoːɡ bʰˈi kˈʌɾnˌaː cˈaːhɪˌeː
wavs/000217.wav,और जब भी हम गाँव जाते हैं तो हम कोशिश करते हैं यही कि जो भी जमीन कुछ ऐसी जमीन पड़ी होती है जिसका कोई उपयोग नहीं है गाँव देहात में उस पे सोचते हैं कि पेड़ लगा दें कोई न कोई पेड़ लगा देंगे तो उससे ये है कि जो है छाया रहेगी और थोड़ा सा पर्यावरण अच्छा रहेगा,S4258203800376610,ɔːɾ ɟˈʌb bʰˈi hˌəm ɡˈãnʋ ɟˈaːteː hɛ̃ tˈoː hˌəm kˈoːʃɪʃ kˈʌɾtˌeː hɛ̃ jˈʌhi kˈɪ ɟˈoː bʰˈi ɟəmˈiːn kˈʊcʰ ˈɛːsi ɟəmˈiːn pˈʌr.i hˈoːti hɛː ɟˈɪskˌaː kˈoːi ˌʊpjˈoːɡ nˈʌhĩ hɛː ɡˈãnʋ deːhˈaːt mẽː ˈʊs pˈeː sˈoːctˌeː hɛ̃ kˈɪ pˈeːr. lˈʌɡaː dˈẽː kˈoːi nˈə kˈoːi pˈeːr. lˈʌɡaː dˈẽːɡeː tˈoː ˈʊssˌeː jeː hɛː kˈɪ ɟˈoː hɛː cʰˈaːjaː ɾəhˈeːɡi ɔːɾ tʰˈoːr.aː sˈaː pərjˈaːʋəɾˌəɳ ˈʌcʰcʰaː ɾəhˈeːɡaː
wavs/000218.wav,इसलिए गाँव जब भी जाते हैं तो सोचते हैं कि एक पेड़ जरुर लगाएं और जिनके पास जमीन पड़ी रहती है खाली या कुछ लोग जानने वाले हैं उनको भी बताते हैं कि भईया ये जमीन आपकी पड़ी इसमें पेड़ लगा दीजिए आप क्योंकि पेड़ जितने ही अधिक होंगे,S4258203800376610,ˈɪslˌɪeː ɡˈãnʋ ɟˈʌb bʰˈi ɟˈaːteː hɛ̃ tˈoː sˈoːctˌeː hɛ̃ kˈɪ ˈeːk pˈeːr. ɟˈʌɾʊɾ ləɡˈaːẽː ɔːɾ ɟˈɪnkˌeː pˈaːs ɟəmˈiːn pˈʌr.i ɾˈʌhətˌi hɛː kʰˈaːli jˈaː kˈʊcʰ lˈoːɡ ɟˈaːnnˌeː ʋˈaːleː hɛ̃ ˈʊnkˌoː bʰˈi bətˈaːteː hɛ̃ kˈɪ bʰəˈiːjaː jeː ɟəmˈiːn ˌaːpkˌi pˈʌr.i ˈɪsmˌẽː pˈeːr. lˈʌɡaː dˈiːɟɪˌeː ˌaːp kːjˈõkɪ pˈeːr. ɟˈɪtnˌeː hˈi ˈʌdʰɪk hˈõɡeː
wavs/000219.wav,उतना ही अधिक अच्छी जलवायु होगी उतना ही अच्छी ऑक्सीजन हमें मिलेगी उतना ही अच्छा अच्छा जो है वातावरण और पर्यावरण रहेगा इसलिए,S4258203800376610,ˈʊtnˌaː hˈi ˈʌdʰɪk ˈʌcʰcʰi ɟˌəlʋˈaːjʊ hˈoːɡi ˈʊtnˌaː hˈi ˈʌcʰcʰi ɔksˈiːɟən hˈʌmẽː mɪlˈeːɡi ˈʊtnˌaː hˈi ˈʌcʰcʰaː ˈʌcʰcʰaː ɟˈoː hɛː ʋaːtˈaːʋəɾˌəɳ ɔːɾ pərjˈaːʋəɾˌəɳ ɾəhˈeːɡaː ˈɪslˌɪeː
wavs/000220.wav,पेड़ों का हमारे जीवन में बहुत बड़ा,S4258203800376610,pˈeːr.õ kaː həmˌaːɾeː ɟˈiːʋən mẽː bˈʌhʊt bˈʌr.aː
wavs/000221.wav,योगदान है,S4258203800376610,jˌoːɡdˈaːn hɛː
wavs/000222.wav,और पेड़ काटने पर,S4258203800376610,ɔːɾ pˈeːr. kˈaːʈnˌeː pˈʌɾ
wavs/000223.wav,लोगों को यही बताते हैं कि भईया पेड़ को मत काटिए,S4258203800376610,lˈoːɡõ koː jˈʌhi bətˈaːteː hɛ̃ kˈɪ bʰəˈiːjaː pˈeːr. koː mˈʌt kˈaːʈɪˌeː
wavs/000224.wav,पेड़ हमें जो चीज देते हैं हमारे जीवन से जुड़ी हुए हैं जो पेड़ हमको देते हैं वो हमें कोई नहीं दे सकता,S4258203800376610,pˈeːr. hˈʌmẽː ɟˈoː cˈiːɟ dˈeːteː hɛ̃ həmˌaːɾeː ɟˈiːʋən seː ɟˈʊr.i hˈʊeː hɛ̃ ɟˈoː pˈeːr. hˈʌmkˌoː dˈeːteː hɛ̃ ʋoː hˈʌmẽː kˈoːi nˈʌhĩ dˈeː sˈʌktˌaː
wavs/000225.wav,इसलिए हम पेड़ काटने के बिल्कुल पक्ष में नहीं है और ना ही हम जल्दी से पेड़ कोई अपना काटते हैं और ना ही जो कटता है उसको कहते हैं कि भईया अपने पेड़ को काटिए,S4258203800376610,ˈɪslˌɪeː hˌəm pˈeːr. kˈaːʈnˌeː keː bˈɪlkʊl pˈʌkʃ mẽː nˈʌhĩ hɛː ɔːɾ nˈaː hˈi hˌəm ɟˈʌldi seː pˈeːr. kˈoːi ˈʌpnˌaː kˈaːʈtˌeː hɛ̃ ɔːɾ nˈaː hˈi ɟˈoː kˈʌʈtˌaː hɛː ˈʊskˌoː kˈʌhətˌeː hɛ̃ kˈɪ bʰəˈiːjaː ˈʌpnˌeː pˈeːr. koː kˈaːʈɪˌeː
wavs/000226.wav,क्योंकि पेड़ जितने ही अधिक होंगे उतना ही अधिक अच्छा वातावरण होगा उतना ही अच्छी ऑक्सीजन हमें मिलेगी उतनी ही अच्छी जलवायु होगी उतना ही अच्छा पर्यावरण होगा,S4258203800376610,kːjˈõkɪ pˈeːr. ɟˈɪtnˌeː hˈi ˈʌdʰɪk hˈõɡeː ˈʊtnˌaː hˈi ˈʌdʰɪk ˈʌcʰcʰaː ʋaːtˈaːʋəɾˌəɳ hˈoːɡaː ˈʊtnˌaː hˈi ˈʌcʰcʰi ɔksˈiːɟən hˈʌmẽː mɪlˈeːɡi ˈʊtnˌi hˈi ˈʌcʰcʰi ɟˌəlʋˈaːjʊ hˈoːɡi ˈʊtnˌaː hˈi ˈʌcʰcʰaː pərjˈaːʋəɾˌəɳ hˈoːɡaː
wavs/000227.wav,तो पेड़,S4258203800376610,tˈoː pˈeːr.
wavs/000228.wav,हम लगाते भी हैं और लोगों को लगाने के लिए उत्साहित भी करते हैं,S4258203800376610,hˌəm ləɡˈaːteː bʰˈi hɛ̃ ɔːɾ lˈoːɡõ koː ləɡˈaːneː keː lˈɪeː ʊtsˈaːhɪt bʰˈi kˈʌɾtˌeː hɛ̃
wavs/000229.wav,और पेड़ों का हमारे जीवन में क्या महत्व है जो भी हमारे पास बुद्धि विवेक है उस हिसाब से हम लोगों को पेड़ों के बारे में बताते भी हैं,S4258203800376610,ɔːɾ pˈeːr.õ kaː həmˌaːɾeː ɟˈiːʋən mẽː kːjaː məhˈʌtʋ hɛː ɟˈoː bʰˈi həmˌaːɾeː pˈaːs bˈʊdʰːɪ ʋɪʋˈeːk hɛː ˈʊs hɪsˈaːb seː hˌəm lˈoːɡõ koː pˈeːr.õ keː bˈaːɾeː mẽː bətˈaːteː bʰˈi hɛ̃
wavs/000230.wav,वृक्ष काटने के लिए किसी को भी नहीं उत्साहित करते हैं और ना ही हम कोई वृक्ष काटते हैं,S4258203800376610,ʋɾˈɪkʃ kˈaːʈnˌeː keː lˈɪeː kˈɪsi koː bʰˈi nˈʌhĩ ʊtsˈaːhɪt kˈʌɾtˌeː hɛ̃ ɔːɾ nˈaː hˈi hˌəm kˈoːi ʋɾˈɪkʃ kˈaːʈtˌeː hɛ̃
wavs/000231.wav,दौड़ने के क्रम में आराम,S4258203800376610,dˈɔːr.nˌeː keː kɾˈʌm mẽː aːɾˈaːm
wavs/000232.wav,और स्वास्थ्य लाभ दोनों ही का एक बहुत ही महत्वपूर्ण संगम है दौड़ने के क्रम में,S4258203800376610,ɔːɾ sʋˈaːstʰjə lˈaːbʰ dˈoːnõ hˈi kaː ˈeːk bˈʌhʊt hˈi mˌəhətʋəpˈuːrɳə sˈʌŋɡəm hɛː dˈɔːr.nˌeː keː kɾˈʌm mˈẽː
wavs/000233.wav,आराम तब महसूस होता है कि जब पूरा दौड़ कर के दौड़ जितनी निर्धारित समय में बताई जाती है दौड़ उतनी दौड़ करने के बाद जिस वक्त,S4258203800376610,aːɾˈaːm tˈʌb mˌəhəsˈuːs hˈoːtaː hɛː kˈɪ ɟˈʌb pˈuːɾaː dˈɔːr. kˈʌɾ keː dˈɔːr. ɟˈɪtnˌi nɪɾdʰˈaːɾɪt sˈʌmˌɛj mẽː bətˈaːi ɟˈaːti hɛː dˈɔːr. ˈʊtnˌi dˈɔːr. kˈʌɾnˌeː keː bˈaːd ɟˈɪs ʋˈʌkt
wavs/000234.wav,सुस्ताने का समय आता है उस वक्त आराम इतनी अच्छी महसूस होती है कि हाँ लगता है कि अब जो है शरीर को ठीक से आराम मिल जाएगा,S4258203800376610,sʊstˈaːneː kaː sˈʌmˌɛj ˈaːtaː hɛː ˈʊs ʋˈʌkt aːɾˈaːm ˈɪtnˌi ˈʌcʰcʰi mˌəhəsˈuːs hˈoːti hɛː kˈɪ hˈã lˈʌɡtˌaː hɛː kˈɪ ˈʌb ɟˈoː hɛː ʃəɾˈiːɾ koː ʈʰˈiːk seː aːɾˈaːm mˈɪl ɟaːˈeːɡaː
wavs/000235.wav,और स्वास्थ्य तो दौड़ने से स्वास्थ्य का बहुत ही,S4258203800376610,ɔːɾ sʋˈaːstʰjə tˈoː dˈɔːr.nˌeː seː sʋˈaːstʰjə kaː bˈʌhʊt hˈi
wavs/000236.wav,महत्वपूर्ण मामला है क्योंकि दौड़ने से हमारे जो है शरीर का दौड़ान खून का दौड़ान ठीक से रहता है और दौड़ने से,S4258203800376610,mˌəhətʋəpˈuːrɳə mˈaːmlˌaː hɛː kːjˈõkɪ dˈɔːr.nˌeː seː həmˌaːɾeː ɟˈoː hɛː ʃəɾˈiːɾ kaː dɔːr.ˈaːn kʰˈuːn kaː dɔːr.ˈaːn ʈʰˈiːk seː ɾˈʌhətˌaː hɛː ɔːɾ dˈɔːr.nˌeː seː
wavs/000237.wav,शरीर की जितनी भी नसें हैं और उनका भी उनमें भी ठीक से,S4258203800376610,ʃəɾˈiːɾ ki ɟˈɪtnˌi bʰˈi nˈʌsẽː hɛ̃ ɔːɾ ˌʊnkˌaː bʰˈi ˈʊnmˌẽː bʰˈi ʈʰˈiːk seː
wavs/000238.wav,खून का संचार हो जाता है,S4258203800376610,kʰˈuːn kaː səɲcˈaːɾ hoː ɟˈaːtaː hɛː
wavs/000239.wav,और,S4258203800376610,ˈɔːɾ
wavs/000240.wav,स्वास्थ्य,S4258203800376610,sʋˈaːstʰjə
wavs/000241.wav,मतलब क्षमता शारीरिक श्रम दौड़ने से शारीरिक क्षमता के भी बारे में,S4258203800376610,mˈʌtəlˌəb kʃˈʌmtˌaː ʃaːɾˈiːɾɪk ʃɾˈʌm dˈɔːr.nˌeː seː ʃaːɾˈiːɾɪk kʃˈʌmtˌaː keː bʰˈi bˈaːɾeː mˈẽː
wavs/000242.wav,मुझे महसूस होता है के हमारे शरीर में कितनी क्षमता है कितनी ताकत है कितना हम मेहनत कर सकते हैं किसी भी कार्य को हम किस ढंग से किस तरीके से और कितना कर सकते हैं इस तरीके से शारीरिक की क्षमता का भी हमें भान हो जाता है,S4258203800376610,mˌʊɟʰeː mˌəhəsˈuːs hˈoːtaː hɛː keː həmˌaːɾeː ʃəɾˈiːɾ mẽː kˈɪtnˌi kʃˈʌmtˌaː hɛː kˈɪtnˌi tˈaːkət hɛː kˈɪtnˌaː hˌəm mˈeːhənˌət kˈʌɾ sˈʌktˌeː hɛ̃ kˈɪsi bʰˈi kˈaːrjə koː hˌəm kˈɪs ɖʰˈʌŋɡ seː kˈɪs təɾˈiːkeː seː ɔːɾ kˈɪtnˌaː kˈʌɾ sˈʌktˌeː hɛ̃ ˈɪs təɾˈiːkeː seː ʃaːɾˈiːɾɪk ki kʃˈʌmtˌaː kaː bʰˈi hˈʌmẽː bʰˈaːn hoː ɟˈaːtaː hɛː
wavs/000243.wav,इसलिए दौड़ का हमारे जीवन में बहुत ही महत्वपूर्ण स्थान है,S4258203800376610,ˈɪslˌɪeː dˈɔːr. kaː həmˌaːɾeː ɟˈiːʋən mẽː bˈʌhʊt hˈi mˌəhətʋəpˈuːrɳə stʰˈaːn hɛː
wavs/000244.wav,क्योंकि एक बार अपनी अम्मा को मैं दिखाने गया तो उनका आपरेसन होना था उम्र उनकी करीब अस्सी के आसपास थी,S4258203800376610,kːjˈõkɪ ˈeːk bˈaːɾ ˈʌpnˌi ˈʌmmaː koː mɛ̃ dɪkʰˈaːneː ɡˈʌjaː tˈoː ˌʊnkˌaː ˌaːpɾˈeːsən hˈoːnaː tʰaː ˈʊmɾə ˌʊnkˌi kəɾˈiːb ˈʌssi keː ˌaːspˈaːs tʰi
wavs/000245.wav,तो डाक्टर ने कहा आपरेसन के लायक हैं के नहीं तो इसके लिए उसने जो है शारीरिक क्षमता का ठीक से पता लगाने के लिए दौड़ लगवाई मेरी माँ से तो एक वो,S4258203800376610,tˈoː ɖˈaːkʈəɾ nˈeː kˈʌhaː ˌaːpɾˈeːsən keː lˈaːjək hɛ̃ keː nˈʌhĩ tˈoː ˈɪskˌeː lˈɪeː ˈʊsnˌeː ɟˈoː hɛː ʃaːɾˈiːɾɪk kʃˈʌmtˌaː kaː ʈʰˈiːk seː pˈʌtaː ləɡˈaːneː keː lˈɪeː dˈɔːr. lˌəɡʋˈaːi mˌeːɾi mˈã seː tˈoː ˈeːk ʋoː
wavs/000246.wav,तो इसलिए एक वो राड टाइप में लगी थी उसको पकड़ कर के और जिस तरह से दौड़ते हैं उस तरह से दौड़ कर के वो लोग मतलब क्रम करना था एक दौड़ कर के करना था उस तरीके से ही एक निर्धारित समय दिया उस समय तक हमें दिमाग को दौड़ना हुआ,S4258203800376610,tˈoː ˈɪslˌɪeː ˈeːk ʋoː ɾˈaːɖ ʈˈaːɪp mẽː lˈʌɡi tʰi ˈʊskˌoː pˈʌkər. kˈʌɾ keː ɔːɾ ɟˈɪs tˈʌɾəh seː dˈɔːr.tˌeː hɛ̃ ˈʊs tˈʌɾəh seː dˈɔːr. kˈʌɾ keː ʋoː lˈoːɡ mˈʌtəlˌəb kɾˈʌm kˈʌɾnˌaː tʰaː ˈeːk dˈɔːr. kˈʌɾ keː kˈʌɾnˌaː tʰaː ˈʊs təɾˈiːkeː seː hˈi ˈeːk nɪɾdʰˈaːɾɪt sˈʌmˌɛj dˈɪjaː ˈʊs sˈʌmˌɛj tˌək hˈʌmẽː dɪmˈaːɡ koː dˈɔːr.nˌaː hˈʊaː
wavs/000247.wav,और दौड़ने को क्रम को करने के बाद में तब डाक्टर ने जो है शारीरिक क्षमता का पता लगाने के बाद में ही आपरेसन के लिए उसने हाँ किया,S4258203800376610,ɔːɾ dˈɔːr.nˌeː koː kɾˈʌm koː kˈʌɾnˌeː keː bˈaːd mẽː tˈʌb ɖˈaːkʈəɾ nˈeː ɟˈoː hɛː ʃaːɾˈiːɾɪk kʃˈʌmtˌaː kaː pˈʌtaː ləɡˈaːneː keː bˈaːd mẽː hˈi ˌaːpɾˈeːsən keː lˈɪeː ˈʊsnˌeː hˈã kˈɪjaː
wavs/000248.wav,तो हमने कहा डाक्टर साहब वो आपरेसन से इस दौड़ का क्या मतलब है तो उन्होंने यही बताया कि दौड़ कराने से शरीर की क्षमता का पता लगता है कि शारीरिक क्षमता कितनी है सारा शरीर में ताकत कितनी है,S4258203800376610,tˈoː hˈʌmnˌeː kˈʌhaː ɖˈaːkʈəɾ sˈaːhəb ʋoː ˌaːpɾˈeːsən seː ˈɪs dˈɔːr. kaː kːjaː mˈʌtəlˌəb hɛː tˈoː ʊnhˈõneː jˈʌhi bətˈaːjaː kˈɪ dˈɔːr. kəɾˈaːneː seː ʃəɾˈiːɾ ki kʃˈʌmtˌaː kaː pˈʌtaː lˈʌɡtˌaː hɛː kˈɪ ʃaːɾˈiːɾɪk kʃˈʌmtˌaː kˈɪtnˌi hɛː sˈaːɾaː ʃəɾˈiːɾ mẽː tˈaːkət kˈɪtnˌi hɛː
wavs/000249.wav,तो इस चीज को ठीक ढंग से पता लगाने के लिए ही हम जो है दौड़ कराते हैं,S4258203800376610,tˈoː ˈɪs cˈiːɟ koː ʈʰˈiːk ɖʰˈʌŋɡ seː pˈʌtaː ləɡˈaːneː keː lˈɪeː hˈi hˌəm ɟˈoː hɛː dˈɔːr. kəɾˈaːteː hɛ̃
wavs/000250.wav,तो इससे हमें महसूस हुआ कि दौड़ का हमारे जीवन में बहुत महत्वपूर्ण स्थान है,S4258203800376610,tˈoː ˈɪssˌeː hˈʌmẽː mˌəhəsˈuːs hˈʊaː kˈɪ dˈɔːr. kaː həmˌaːɾeː ɟˈiːʋən mẽː bˈʌhʊt mˌəhətʋəpˈuːrɳə stʰˈaːn hɛː
wavs/000251.wav,और यदि दौड़ डेली थोड़ी ही लगाई जाए तो इससे शरीर चुस्त वुस्त रहेगा और शरीर के खून का संचार ठीक से रहेगा और जो हम भोजन वगैरह ग्रहण करते हैं वो उसकी ठीक से पाचन क्रिया भी हमारी ठीक से होगी,S4258203800376610,ɔːɾ jˌədɪ dˈɔːr. ɖˈeːli tʰˈoːr.i hˈi ləɡˈaːi ɟˈaːeː tˈoː ˈɪssˌeː ʃəɾˈiːɾ cˈʊst ʋˈʊst ɾəhˈeːɡaː ɔːɾ ʃəɾˈiːɾ keː kʰˈuːn kaː səɲcˈaːɾ ʈʰˈiːk seː ɾəhˈeːɡaː ɔːɾ ɟˈoː hˌəm bʰˈoːɟən ʋəɡˈɛːɾəh ɡɾˈʌhəɳ kˈʌɾtˌeː hɛ̃ ʋoː ˌʊskˌi ʈʰˈiːk seː pˈaːcən kɾˈɪjaː bʰˈi həmˌaːɾi ʈʰˈiːk seː hˈoːɡi
wavs/000252.wav,और क्योंकि दौड़ लगाने से शरीर की लगभग सभी नसों का थोड़ा थोड़ा कार्य होता हो जाता है,S4258203800376610,ɔːɾ kːjˈõkɪ dˈɔːr. ləɡˈaːneː seː ʃəɾˈiːɾ ki lˈʌɡəbʰˌəɡ sˈʌbʰi nˈʌsõ kaː tʰˈoːr.aː tʰˈoːr.aː kˈaːrjə hˈoːtaː hoː ɟˈaːtaː hɛː
wavs/000253.wav,और खून का दौड़ान भी तेज हो जाता है दिल की धड़कन तेज तेज होने लगती है जिससे ये लगता है कि शरीर अच्छी तरह से संचालन में हो जाता है,S4258203800376610,ɔːɾ kʰˈuːn kaː dɔːr.ˈaːn bʰˈi tˈeːɟ hoː ɟˈaːtaː hɛː dˈɪl ki dʰˈʌr.əkˌən tˈeːɟ tˈeːɟ hˈoːneː lˈʌɡtˌi hɛː ɟˈɪssˌeː jeː lˈʌɡtˌaː hɛː kˈɪ ʃəɾˈiːɾ ˈʌcʰcʰi tˈʌɾəh seː səɲcˈaːlən mẽː hoː ɟˈaːtaː hɛː
wavs/000254.wav,और एक विशेष प्रकार की ऊर्जा टाइप में शरीर में महसूस होती है और,S4258203800376610,ɔːɾ ˈeːk ʋɪʃˈeːʂ pɾəkˈaːɾ ki ˈuɾɟaː ʈˈaːɪp mẽː ʃəɾˈiːɾ mẽː mˌəhəsˈuːs hˈoːti hɛː ɔːɾ
wavs/000255.wav,दौड़ करने से एक अलग सा दिमाग को भी एक ठीक से सोचने और समझने की ताकत और एनर्जी हमको प्राप्त होती है,S4258203800376610,dˈɔːr. kˈʌɾnˌeː seː ˈeːk ˈʌləɡ sˈaː dɪmˈaːɡ koː bʰˈi ˈeːk ʈʰˈiːk seː sˈoːcnˌeː ɔːɾ sˈʌməɟʰneː ki tˈaːkət ɔːɾ eːnˈʌɾɟi hˈʌmkˌoː pɾˈaːpt hˈoːti hɛː
wavs/000256.wav,मैं यहाँ लखनऊ बक्शी तालाब के एरिया में मैं रहता हूँ और यहाँ पर हमारे बगल में गोमती नदी प्रवहित हो रही है,S4258203800376610,mɛ̃ jˈʌhã lˈʌkʰnˈəu bˈʌkʃi taːlˈaːb keː ˈeːɾɪjˌaː mẽː mɛ̃ ɾˈʌhətˌaː hũ ɔːɾ jˈʌhã pˈʌɾ həmˌaːɾeː bˈʌɡəl mẽː ɡˈoːmtˌi nˈʌdi pɾˈʌʋhˌɪt hoː ɾˌəhi hɛː
wavs/000257.wav,और गोमती नदी के,S4258203800376610,ɔːɾ ɡˈoːmtˌi nˈʌdi keː
wavs/000258.wav,कर जाने के लिए तो खैर कोई वहाँ दिक्कत प्रॉब्लम नहीं है जाया जा सकता है वहाँ तक साधन सभी जाते हैं नदी के किनारे जाना हो पर्यावरण देखना हो तो ठीक तरीके से जाया जा सकता है आने साधन से भी या किराए के साधन से भी आप वहाँ तक जा सकते हैं,S4258203800376610,kˈʌɾ ɟˈaːneː keː lˈɪeː tˈoː kʰˈɛːɾ kˈoːi ʋˈʌhã dˈɪkːət pɾˈɔbləm nˈʌhĩ hɛː ɟˈaːjaː ɟˈaː sˈʌktˌaː hɛː ʋˈʌhã tˌək sˈaːdʰən sˈʌbʰi ɟˈaːteː hɛ̃ nˈʌdi keː kɪnˈaːɾeː ɟˈaːnaː hoː pərjˈaːʋəɾˌəɳ dˈeːkʰnˌaː hoː tˈoː ʈʰˈiːk təɾˈiːkeː seː ɟˈaːjaː ɟˈaː sˈʌktˌaː hɛː ˈaːneː sˈaːdʰən seː bʰˈi jˈaː kɪɾˈaːeː keː sˈaːdʰən seː bʰˈi ˌaːp ʋˈʌhã tˌək ɟˈaː sˈʌktˌeː hɛ̃
wavs/000259.wav,और हमारे यहाँ पे जानवर तो वैसे ही जैसे आपका खरगोश है या आपका एक सियार होता है या जैसे आपके ओ जंगली बिल्ली होती है इस टाइप के जानवर देखे जा सकते हैं और दिखाई भी देते हैं,S4258203800376610,ɔːɾ həmˌaːɾeː jˈʌhã pˈeː ɟˈaːnəʋˌəɾ tˈoː ʋˈɛːseː hˈi ɟˈɛːseː ˌaːpkˌaː kʰˌəɾɡˈoːʃ hɛː jˈaː ˌaːpkˌaː ˈeːk sɪjˈaːɾ hˈoːtaː hɛː jˈaː ɟˈɛːseː ˌaːpkˌeː ˈoː ɟˈʌŋɡəlˌi bˈɪlli hˈoːti hɛː ˈɪs ʈˈaːɪp keː ɟˈaːnəʋˌəɾ dˈeːkʰeː ɟˈaː sˈʌktˌeː hɛ̃ ɔːɾ dɪkʰˈaːi bʰˈi dˈeːteː hɛ̃
wavs/000260.wav,और हमारे गोमती नदी के किनारे का दृश्य बहुत ही रमणीक और सही है और नदी के किनारे किनारे तमाम तरीके से पेड़ हैं जैसे आपका लिपटिस का पेड़ है और बेर का पेड़ है,S4258203800376610,ɔːɾ həmˌaːɾeː ɡˈoːmtˌi nˈʌdi keː kɪnˈaːɾeː kaː dɾˈɪʃjə bˈʌhʊt hˈi ɾˌəmɳˈiːk ɔːɾ sˈʌhi hɛː ɔːɾ nˈʌdi keː kɪnˈaːɾeː kɪnˈaːɾeː təmˈaːm təɾˈiːkeː seː pˈeːr. hɛ̃ ɟˈɛːseː ˌaːpkˌaː lˈɪpʈˌɪs kaː pˈeːr. hɛː ɔːɾ bˈeːɾ kaː pˈeːr. hɛː
wavs/000261.wav,और इस तरीके से सागौन के पेड़ है और आपके शीशम के पेड़ है और कुछ पेड़ ऐसे हैं जिनका ठीक से नाम भी हमें नहीं पता इस टाइप के भी पेड़ हैं और यहाँ का पर्यावरण बहुत ही अच्छा और सही है,S4258203800376610,ɔːɾ ˈɪs təɾˈiːkeː seː saːɡˈɔːn keː pˈeːr. hɛː ɔːɾ ˌaːpkˌeː ʃˈiːʃəm keː pˈeːr. hɛː ɔːɾ kˈʊcʰ pˈeːr. ˈɛːseː hɛ̃ ɟˈɪnkˌaː ʈʰˈiːk seː nˈaːm bʰˈi hˈʌmẽː nˈʌhĩ pˈʌtaː ˈɪs ʈˈaːɪp keː bʰˈi pˈeːr. hɛ̃ ɔːɾ jˈʌhã kaː pərjˈaːʋəɾˌəɳ bˈʌhʊt hˈi ˈʌcʰcʰaː ɔːɾ sˈʌhi hɛː
wavs/000262.wav,पेड़ पौधे तो नदी के किनारे किनारे बहुत सारे लगे हुए हैं जिसमें पीपल के पेड़ हैं और नीम के पेड़ हैं,S4258203800376610,pˈeːr. pˈɔːdʰeː tˈoː nˈʌdi keː kɪnˈaːɾeː kɪnˈaːɾeː bˈʌhʊt sˈaːɾeː lˈʌɡeː hˈʊeː hɛ̃ ɟˈɪsmˌẽː pˈiːpəl keː pˈeːr. hɛ̃ ɔːɾ nˈiːm keː pˈeːr. hɛ̃
wavs/000263.wav,और आपके अधिकतर वैसे देखा जाए तो आपके लिपटिस के पेड़ और शीशम के पेड़ अधिक हैं,S4258203800376610,ɔːɾ ˌaːpkˌeː ˈʌdʰɪkˌətəɾ ʋˈɛːseː dˈeːkʰaː ɟˈaːeː tˈoː ˌaːpkˌeː lˈɪpʈˌɪs keː pˈeːr. ɔːɾ ʃˈiːʃəm keː pˈeːr. ˈʌdʰɪk hɛ̃
wavs/000264.wav,कुछ पेड़ तो ऐसे जंगली पेड़ हैं जिन पेड़ों के बारे में हमें जानकारी भी नहीं है उनका नाम भी हम नहीं जानते हैं कि कौन से पेड़ हैं,S4258203800376610,kˈʊcʰ pˈeːr. tˈoː ˈɛːseː ɟˈʌŋɡəlˌi pˈeːr. hɛ̃ ɟˈɪn pˈeːr.õ keː bˈaːɾeː mẽː hˈʌmẽː ɟˌaːnkˈaːɾi bʰˈi nˈʌhĩ hɛː ˌʊnkˌaː nˈaːm bʰˈi hˌəm nˈʌhĩ ɟˈaːntˌeː hɛ̃ kˈɪ kˈɔːn seː pˈeːr. hɛ̃
wavs/000265.wav,और लेकिन वो नदी के किनारे किनारे देखने को मिलते हैं,S4258203800376610,ɔːɾ lˈeːkɪn ʋoː nˈʌdi keː kɪnˈaːɾeː kɪnˈaːɾeː dˈeːkʰnˌeː koː mˈɪltˌeː hɛ̃
wavs/000266.wav,गोमती नदी हमारे यहाँ से बिल्कुल पास में है ज़्यादा से ज़्यादा हमारे यहाँ से होगी आपके पांच या छः किलोमीटर,S4258203800376610,ɡˈoːmtˌi nˈʌdi həmˌaːɾeː jˈʌhã seː bˈɪlkʊl pˈaːs mẽː hɛː zjˈaːdaː seː zjˈaːdaː həmˌaːɾeː jˈʌhã seː hˈoːɡi ˌaːpkˌeː pˈãc jˈaː cʰˈʌh kˌɪloːmˈiːʈəɾ
wavs/000267.wav,तो कभी कभी जाते हैं नदी के किनारे घूमने के लिए तो वहाँ ये सब जंगली जानवर तो अधिक नहीं दिखाई देते क्योंकि जंगल अब शहर का किनारा है तो इसलिए अब बहुत अधिक जंगल हटा दिया गया है लेकिन फिर भी किनारे किनारे पेड़ पौधे,S4258203800376610,tˈoː kˈʌbʰi kˈʌbʰi ɟˈaːteː hɛ̃ nˈʌdi keː kɪnˈaːɾeː ɡʰˈuːmnˌeː keː lˈɪeː tˈoː ʋˈʌhã jeː sˈʌb ɟˈʌŋɡəlˌi ɟˈaːnəʋˌəɾ tˈoː ˈʌdʰɪk nˈʌhĩ dɪkʰˈaːi dˈeːteː kːjˈõkɪ ɟˈʌŋɡəl ˈʌb ʃˈʌhəɾ kaː kɪnˈaːɾaː hɛː tˈoː ˈɪslˌɪeː ˈʌb bˈʌhʊt ˈʌdʰɪk ɟˈʌŋɡəl hˈʌʈaː dˈɪjaː ɡˈʌjaː hɛː lˈeːkɪn pʰˈɪɾ bʰˈi kɪnˈaːɾeː kɪnˈaːɾeː pˈeːr. pˈɔːdʰeː
wavs/000268.wav,काफ़ी लगे हुए हैं,S4258203800376610,kˈaːfi lˈʌɡeː hˈʊeː hɛ̃
wavs/000269.wav,और यहाँ पे रेगिस्तान टाइप की कोई,S4258203800376610,ɔːɾ jˈʌhã pˈeː ɾˌeːɡɪstˈaːn ʈˈaːɪp ki kˈoːi
wavs/000270.wav,जमीन नहीं है और रहेगी पहाड़ की बात तो पहाड़ तो हमारे क्षेत्र में नहीं है पहाड़ी इलाका नहीं है ये यहाँ पे समतल जमीन है,S4258203800376610,ɟəmˈiːn nˈʌhĩ hɛː ɔːɾ ɾəhˈeːɡi pəhˈaːr. ki bˈaːt tˈoː pəhˈaːr. tˈoː həmˌaːɾeː kʃˈeːtɾə mẽː nˈʌhĩ hɛː pəhˈaːr.i ɪlˈaːkaː nˈʌhĩ hɛː jeː jˈʌhã pˈeː sˈʌmətˌəl ɟəmˈiːn hɛː
wavs/000271.wav,और उपजाऊ जमीन है कोई भी ऊसर जमीन नहीं है और ना ही ऊंची और नीची जमीन है,S4258203800376610,ɔːɾ ˌʊpɟˈaːu ɟəmˈiːn hɛː kˈoːi bʰˈi ˈusəɾ ɟəmˈiːn nˈʌhĩ hɛː ɔːɾ nˈaː hˈi ˈũci ɔːɾ nˈiːci ɟəmˈiːn hɛː
wavs/000272.wav,धूसर मिट्टी की जमीन है और,S4258203800376610,dʰˈuːsəɾ mˈɪʈʈi ki ɟəmˈiːn hɛː ɔːɾ
wavs/000273.wav,जो जिसमें लगभग सभी प्रकार की फसलें ठीक से उगाई जाती है,S4258203800376610,ɟˈoː ɟˈɪsmˌẽː lˈʌɡəbʰˌəɡ sˈʌbʰi pɾəkˈaːɾ ki pʰˈʌslˌẽː ʈʰˈiːk seː ʊɡˈaːi ɟˈaːti hɛː
wavs/000274.wav,चाहे आपका आलू हो या गेहूं हो या गन्ना हो या अरहर हो दलहन हो या तिलहन हो,S4258203800376610,cˈaːheː ˌaːpkˌaː ˈaːluː hoː jˈaː ɡˈeːhũ hoː jˈaː ɡˈʌnnaː hoː jˈaː ˈʌɾəhˌəɾ hoː dˈʌləhˌən hoː jˈaː tˈɪləhˌən hoː
wavs/000275.wav,सभी चीज के लिए,S4258203800376610,sˈʌbʰi cˈiːɟ keː lˈɪeː
wavs/000276.wav,बोने के लिए जमीन,S4258203800376610,bˈoːneː keː lˈɪeː ɟəmˈiːn
wavs/000277.wav,उपजाऊ है,S4258203800376610,ˌʊpɟˈaːu hɛː
wavs/000278.wav,और,S4258203800376610,ˈɔːɾ
wavs/000279.wav,रेगिस्तानी टाइप की भूमि और बंजर टाइप की भूमि का हिस्सा जहाँ पे हम रहते हैं इसके अगल बगल कोई इस तरह का बत्तीस पच्चीस किलोमीटर की रेंज में इस तरह की कोई जमीन नहीं है कि जो उपजाऊ न हो उपजाऊ जमीन,S4258203800376610,ɾˌeːɡɪstˈaːni ʈˈaːɪp ki bʰˈuːmɪ ɔːɾ bˈʌɲɟəɾ ʈˈaːɪp ki bʰˈuːmɪ kaː hˈɪssaː ɟˈʌhã pˈeː hˌəm ɾˈʌhətˌeː hɛ̃ ˈɪskˌeː ˈʌɡəl bˈʌɡəl kˈoːi ˈɪs tˈʌɾəh kaː bətːˈiːs pəcːˈiːs kˌɪloːmˈiːʈəɾ ki ɾˈẽːɟ mẽː ˈɪs tˈʌɾəh ki kˈoːi ɟəmˈiːn nˈʌhĩ hɛː kˈɪ ɟˈoː ˌʊpɟˈaːu nˈə hoː ˌʊpɟˈaːu ɟəmˈiːn
wavs/000280.wav,कम ज़्यादा का फर्क हो सकता है लेकिन जमीन उपजाऊ लगभग हमारे अगल बगल का एरिया जो भी है वहाँ पे जमीन उपजाऊ बहुत है,S4258203800376610,kˈʌm zjˈaːdaː kaː pʰˈʌɾk hoː sˈʌktˌaː hɛː lˈeːkɪn ɟəmˈiːn ˌʊpɟˈaːu lˈʌɡəbʰˌəɡ həmˌaːɾeː ˈʌɡəl bˈʌɡəl kaː ˈeːɾɪjˌaː ɟˈoː bʰˈi hɛː ʋˈʌhã pˈeː ɟəmˈiːn ˌʊpɟˈaːu bˈʌhʊt hɛː
wavs/000281.wav,और प्रकृति का वातावरण जैसा होना चाहिए उस हिसाब से काफ़ी अच्छा और सही है,S4258203800376610,ɔːɾ pɾˈʌkɾɪtˌɪ kaː ʋaːtˈaːʋəɾˌəɳ ɟˈɛːsaː hˈoːnaː cˈaːhɪˌeː ˈʊs hɪsˈaːb seː kˈaːfi ˈʌcʰcʰaː ɔːɾ sˈʌhi hɛː
wavs/000282.wav,यू पी एस सी की तैयारी कर रहे प्रतियोगी परीक्षाओं के लिए तैयारी कर रहे छात्रों को मदद मिलती है सब समाचार पत्र का पत्र से ही उनको जानकारी मिलती है कहाँ पे क्या घटनाएं घट रही है और <unintelligible> जो उसमें कुशल दी होते हैं वो सब भी देश विदेसों से रिलेटेड होते हैं,S4258203800376610,jˈuː pˈi ˈeːs sˈi ki tɛːjˈaːɾi kˈʌɾ ɾˌəheː pɾˌətɪjˈoːɡi pəɾˈiːkʃaːw keː lˈɪeː tɛːjˈaːɾi kˈʌɾ ɾˌəheː cʰˈaːtɾõ koː mˈʌdəd mˈɪltˌi hɛː sˈʌb sˌəmaːcˈaːɾ pˈʌtɾə kaː pˈʌtɾə seː hˈi ˈʊnkˌoː ɟˌaːnkˈaːɾi mˈɪltˌi hɛː kˈʌhã pˈeː kːjaː ɡʰˌəʈnˈaːẽː ɡʰˈʌʈ ɾˌəhi hɛː ɔːɾ (en)ˌʌnɪntˈɛlɪdʒəbəl(hi) ɟˈoː ˈʊsmˌẽː kˈʊʃəl dˈi hˈoːteː hɛ̃ ʋoː sˈʌb bʰˈi dˈeːʃ ʋɪdˈeːsõ seː ɾˌɪleːʈˈeːɖ hˈoːteː hɛ̃
wavs/000283.wav,इसलिए वो समाचार पत्र का बहुत ही मदद करती है यू पी एस सी परीक्षा की प्रतियोगी तैयारी कर रहे छात्रों को काफ़ी मदद मिलती है,S4258203800376610,ˈɪslˌɪeː ʋoː sˌəmaːcˈaːɾ pˈʌtɾə kaː bˈʌhʊt hˈi mˈʌdəd kˈʌɾtˌi hɛː jˈuː pˈi ˈeːs sˈi pəɾˈiːkʃaː ki pɾˌətɪjˈoːɡi tɛːjˈaːɾi kˈʌɾ ɾˌəheː cʰˈaːtɾõ koː kˈaːfi mˈʌdəd mˈɪltˌi hɛː
wavs/000284.wav,और हमारे आसपास क्या घटना घट रही है देश में कहाँ क्या हो रहा है,S4258203800376610,ɔːɾ həmˌaːɾeː ˌaːspˈaːs kːjaː ɡʰˈʌʈnˌaː ɡʰˈʌʈ ɾˌəhi hɛː dˈeːʃ mẽː kˈʌhã kːjaː hoː ɾˌəhaː hɛː
wavs/000285.wav,हैं इस तरह की सब जानकारियाँ समाचार पत्र से ही मिलती है और उसमें पत्रिकाएं बहुत जो कि बहुत सी आती हैं जैसे बनीता हुई,S4258203800376610,hɛ̃ ˈɪs tˈʌɾəh ki sˈʌb ɟˌaːnkˈaːɾɪjˌã sˌəmaːcˈaːɾ pˈʌtɾə seː hˈi mˈɪltˌi hɛː ɔːɾ ˈʊsmˌẽː pˌətɾɪkˈaːẽː bˈʌhʊt ɟˈoː kˈɪ bˈʌhʊt sˈi ˈaːti hɛ̃ ɟˈɛːseː bənˈiːtaː hˈʊi
wavs/000286.wav,या आपकी गृह शोभा हुई इन सब में भी ये सब समाचार पत्र से ही जुड़े होते हैं मीडिया से ही जुड़ी होती हैं इनको सब पढ़ने से ही सब जानकारियाँ प्राप्त होती हैं और,S4258203800376610,jˈaː ˌaːpkˌi ɡɾˈɪh ʃˈoːbʰaː hˈʊi ˈɪn sˈʌb mẽː bʰˈi jeː sˈʌb sˌəmaːcˈaːɾ pˈʌtɾə seː hˈi ɟˈʊr.eː hˈoːteː hɛ̃ mˈiːɖɪjˌaː seː hˈi ɟˈʊr.i hˈoːti hɛ̃ ˈɪnkˌoː sˈʌb pˈʌr.hənˌeː seː hˈi sˈʌb ɟˌaːnkˈaːɾɪjˌã pɾˈaːpt hˈoːti hɛ̃ ɔːɾ
wavs/000287.wav,ये ये जो है समाचार पत्र बहुत ही मदद करता है हमारी क्या आप समझिए जितनी भी तैयारी कर रहे छात्रों को पढ़ पढ़ने वाले छात्र हैं या प्रतियोगी परीक्षाओं की तैयारी कर रहे छात्रों को भी समाचार पत्रिका से काफ़ी मदद मिलती है,S4258203800376610,jeː jeː ɟˈoː hɛː sˌəmaːcˈaːɾ pˈʌtɾə bˈʌhʊt hˈi mˈʌdəd kˈʌɾtˌaː hɛː həmˌaːɾi kːjaː ˌaːp sˈʌmɟʰˌɪeː ɟˈɪtnˌi bʰˈi tɛːjˈaːɾi kˈʌɾ ɾˌəheː cʰˈaːtɾõ koː pˈʌr.h pˈʌr.hənˌeː ʋˈaːleː cʰˈaːtɾə hɛ̃ jˈaː pɾˌətɪjˈoːɡi pəɾˈiːkʃaːw ki tɛːjˈaːɾi kˈʌɾ ɾˌəheː cʰˈaːtɾõ koː bʰˈi sˌəmaːcˈaːɾ pˈʌtɾɪkˌaː seː kˈaːfi mˈʌdəd mˈɪltˌi hɛː
wavs/000288.wav,और बहुत सी जानकारियाँ ऐसी हैं जो समाचार पत्रों से ही हमें प्राप्त होती है इसलिए प्रतियोगी तैयारी कर रहे छात्रों के लिए समाचार पत्र जो है,S4258203800376610,ɔːɾ bˈʌhʊt sˈi ɟˌaːnkˈaːɾɪjˌã ˈɛːsi hɛ̃ ɟˈoː sˌəmaːcˈaːɾ pˈʌtɾõ seː hˈi hˈʌmẽː pɾˈaːpt hˈoːti hɛː ˈɪslˌɪeː pɾˌətɪjˈoːɡi tɛːjˈaːɾi kˈʌɾ ɾˌəheː cʰˈaːtɾõ keː lˈɪeː sˌəmaːcˈaːɾ pˈʌtɾə ɟˈoː hɛː
wavs/000289.wav,और यो ये आपके जो वो आती हैं पत्रिकाएं आती हैं इनसे सब जो है काफ़ी मदद मिलती है,S4258203800376610,ɔːɾ jˈoː jeː ˌaːpkˌeː ɟˈoː ʋoː ˈaːti hɛ̃ pˌətɾɪkˈaːẽː ˈaːti hɛ̃ ˈɪnsˌeː sˈʌb ɟˈoː hɛː kˈaːfi mˈʌdəd mˈɪltˌi hɛː
wavs/000290.wav,इसलिए इनका समाचार <unintelligible> मीडिया और बहुत ही महत्वपूर्ण हो सकती है बहुत ही महत्वपूर्ण मदद करती है,S4258203800376610,ˈɪslˌɪeː ˌɪnkˌaː sˌəmaːcˈaːɾ (en)ˌʌnɪntˈɛlɪdʒəbəl(hi) mˈiːɖɪjˌaː ɔːɾ bˈʌhʊt hˈi mˌəhətʋəpˈuːrɳə hoː sˈʌktˌi hɛː bˈʌhʊt hˈi mˌəhətʋəpˈuːrɳə mˈʌdəd kˈʌɾtˌi hɛː
wavs/000291.wav,समाचार पत्र से ही अब तो हर मोबाईल वगैरह हो गया जो भी जानकारियाँ जैसे मिल जाती हैं लेकिन समाचार पत्र तो एक अलग चीज है ही पर सबसे अधिक जानकारी हमें समाचार पत्र और पत्र समाचार पत्र से ही पत्रिकाओं से ही प्राप्त होती हैं,S4258203800376610,sˌəmaːcˈaːɾ pˈʌtɾə seː hˈi ˈʌb tˈoː hˈʌɾ mˌoːbaːˈiːl ʋəɡˈɛːɾəh hoː ɡˈʌjaː ɟˈoː bʰˈi ɟˌaːnkˈaːɾɪjˌã ɟˈɛːseː mˈɪl ɟˈaːti hɛ̃ lˈeːkɪn sˌəmaːcˈaːɾ pˈʌtɾə tˈoː ˈeːk ˈʌləɡ cˈiːɟ hɛː hˈi pˈʌɾ sˈʌbsˌeː ˈʌdʰɪk ɟˌaːnkˈaːɾi hˈʌmẽː sˌəmaːcˈaːɾ pˈʌtɾə ɔːɾ pˈʌtɾə sˌəmaːcˈaːɾ pˈʌtɾə seː hˈi pˌətɾɪkˈaːw seː hˈi pɾˈaːpt hˈoːti hɛ̃
wavs/000292.wav,समाचार पत्र और पत्रिकाएं पढ़ने से देश विदेश की भी जानकारी हमें मिलती है कहाँ पे क्या हो रहा है <unintelligible> कौन सी घटना घट रही है,S4258203800376610,sˌəmaːcˈaːɾ pˈʌtɾə ɔːɾ pˌətɾɪkˈaːẽː pˈʌr.hənˌeː seː dˈeːʃ ʋɪdˈeːʃ ki bʰˈi ɟˌaːnkˈaːɾi hˈʌmẽː mˈɪltˌi hɛː kˈʌhã pˈeː kːjaː hoː ɾˌəhaː hɛː (en)ˌʌnɪntˈɛlɪdʒəbəl(hi) kˈɔːn sˈi ɡʰˈʌʈnˌaː ɡʰˈʌʈ ɾˌəhi hɛː
wavs/000293.wav,और उसमें जो कोश्चन दिए होते हैं लगभग <unintelligible> देश विदेश से भी जुड़ी हुए कोश्चन होते हैं,S4258203800376610,ɔːɾ ˈʊsmˌẽː ɟˈoː kˈoːʃcən dˈɪeː hˈoːteː hɛ̃ lˈʌɡəbʰˌəɡ (en)ˌʌnɪntˈɛlɪdʒəbəl(hi) dˈeːʃ ʋɪdˈeːʃ seː bʰˈi ɟˈʊr.i hˈʊeː kˈoːʃcən hˈoːteː hɛ̃
wavs/000294.wav,तमाम सारी प्रतियोगी परीक्षाओं के बारे में भी जानकारी हमें समाचार पत्र और पत्रिकाओं से ही मिलती है मीडिया इस तरह से हमारे जीवन में बहुत ही महतपूर्ण भूमिका निभाती है,S4258203800376610,təmˈaːm sˈaːɾi pɾˌətɪjˈoːɡi pəɾˈiːkʃaːw keː bˈaːɾeː mẽː bʰˈi ɟˌaːnkˈaːɾi hˈʌmẽː sˌəmaːcˈaːɾ pˈʌtɾə ɔːɾ pˌətɾɪkˈaːw seː hˈi mˈɪltˌi hɛː mˈiːɖɪjˌaː ˈɪs tˈʌɾəh seː həmˌaːɾeː ɟˈiːʋən mẽː bˈʌhʊt hˈi mˌəhətpˈuːrɳə bʰˈuːmɪkˌaː nɪbʰˈaːti hɛː
wavs/000295.wav,अब कौन सी परीक्षा किस केंद्र पे होगी और इस तरह की जानकारी हमें समाचार पत्र से ही प्राप्त होती है,S4258203800376610,ˈʌb kˈɔːn sˈi pəɾˈiːkʃaː kˈɪs kˈẽːdɾə pˈeː hˈoːɡi ɔːɾ ˈɪs tˈʌɾəh ki ɟˌaːnkˈaːɾi hˈʌmẽː sˌəmaːcˈaːɾ pˈʌtɾə seː hˈi pɾˈaːpt hˈoːti hɛː
wavs/000296.wav,कौन सी परीक्षाएं हुई बाद में परीक्षा कौन केंसिल हो गई के पर्चा लीक हो गया या क्या हो गया जो भी घटना घटती है जे किसी प्रकार की तो वो सारी जानकारी समाचार पत्र और मीडिया से ही हमें प्राप्त होती है इसलिए समाचार पत्र और मीडिया,S4258203800376610,kˈɔːn sˈi pəɾˈiːkʃaːˌẽː hˈʊi bˈaːd mẽː pəɾˈiːkʃaː kˈɔːn kˈẽːsɪl hoː ɡˈʌi keː pˈʌɾcaː lˈiːk hoː ɡˈʌjaː jˈaː kːjaː hoː ɡˈʌjaː ɟˈoː bʰˈi ɡʰˈʌʈnˌaː ɡʰˈʌʈtˌi hɛː ɟˈeː kˈɪsi pɾəkˈaːɾ ki tˈoː ʋoː sˈaːɾi ɟˌaːnkˈaːɾi sˌəmaːcˈaːɾ pˈʌtɾə ɔːɾ mˈiːɖɪjˌaː seː hˈi hˈʌmẽː pɾˈaːpt hˈoːti hɛː ˈɪslˌɪeː sˌəmaːcˈaːɾ pˈʌtɾə ɔːɾ mˈiːɖɪjˌaː
wavs/000297.wav,यू पी एस सी आदि प्रतियोगिता परीक्षाओं की तैयारी कर रहे छात्रों,S4258203800376610,jˈuː pˈi ˈeːs sˈi ˈaːdɪ pɾˌətɪjˈoːɡɪtˌaː pəɾˈiːkʃaːw ki tɛːjˈaːɾi kˈʌɾ ɾˌəheː cʰˈaːtɾõ
wavs/000298.wav,को की बहुत ही महत्वपूर्ण मदद और सहायता करती है,S4258203800376610,koː ki bˈʌhʊt hˈi mˌəhətʋəpˈuːrɳə mˈʌdəd ɔːɾ səhˈaːjtˌaː kˈʌɾtˌi hɛː
